algorithm,train_file,test_file,run_id,accuracy,mse,regret,train_size,seed
orthogonal_loss_learner_splitting.py,data/train_500_4.pkl,data/test_500_4.pkl,1,0.3167,39.8607,3.7969,500,4
nonorthogonal_loss_learner.py,data/train_500_4.pkl,data/test_500_4.pkl,2,0.709,36.6186,0.8979,500,4
nonorthogonal_loss_learner.py,data/train_500_4.pkl,data/test_500_4.pkl,1,0.718,36.2023,0.8032,500,4
orthogonal_loss_learner.py,data/train_500_4.pkl,data/test_500_4.pkl,1,0.77,30.6947,0.5336,500,4
nonorthogonal_loss_learner.py,data/train_500_4.pkl,data/test_500_4.pkl,0,0.6943,36.8616,0.965,500,4
stupid_loss_learner.py,data/train_500_4.pkl,data/test_500_4.pkl,0,0.672,36.6503,1.1332,500,4
stupid_loss_learner.py,data/train_500_4.pkl,data/test_500_4.pkl,2,0.652,36.5858,1.2594,500,4
orthogonal_loss_learner_splitting.py,data/train_500_4.pkl,data/test_500_4.pkl,0,0.7313,36.6468,0.7316,500,4
stupid_loss_learner.py,data/train_500_4.pkl,data/test_500_4.pkl,1,0.6913,36.106,0.9604,500,4
log_loss_learner.py,data/train_500_4.pkl,data/test_500_4.pkl,1,0.7497,34.8323,0.6246,500,4
orthogonal_loss_learner.py,data/train_500_4.pkl,data/test_500_4.pkl,0,0.752,29.0266,0.5806,500,4
log_loss_learner.py,data/train_500_4.pkl,data/test_500_4.pkl,0,0.7487,34.0203,0.6123,500,4
log_loss_learner.py,data/train_500_4.pkl,data/test_500_4.pkl,2,0.7593,33.2556,0.5823,500,4
orthogonal_loss_learner_ybyt.py,data/train_500_4.pkl,data/test_500_4.pkl,2,0.7437,32.6834,0.6714,500,4
orthogonal_loss_learner_ybyt.py,data/train_500_4.pkl,data/test_500_4.pkl,0,0.754,32.1789,0.6087,500,4
orthogonal_loss_learner_splitting.py,data/train_500_4.pkl,data/test_500_4.pkl,2,0.6277,37.0898,1.4328,500,4
orthogonal_loss_learner_ybyt.py,data/train_500_4.pkl,data/test_500_4.pkl,1,0.7517,29.1374,0.5906,500,4
orthogonal_loss_learner.py,data/train_500_4.pkl,data/test_500_4.pkl,2,0.7653,29.2262,0.5485,500,4
log_loss_learner.py,data/train_500_0.pkl,data/test_500_0.pkl,0,0.6567,11.2764,0.6239,500,0
stupid_loss_learner.py,data/train_500_0.pkl,data/test_500_0.pkl,0,0.5633,12.2249,1.0326,500,0
log_loss_learner.py,data/train_500_0.pkl,data/test_500_0.pkl,1,0.653,11.3203,0.6077,500,0
stupid_loss_learner.py,data/train_500_0.pkl,data/test_500_0.pkl,1,0.6033,11.9035,0.846,500,0
orthogonal_loss_learner.py,data/train_500_0.pkl,data/test_500_0.pkl,0,0.6553,10.3537,0.6168,500,0
orthogonal_loss_learner_splitting.py,data/train_500_0.pkl,data/test_500_0.pkl,1,0.633,11.7552,0.6975,500,0
nonorthogonal_loss_learner.py,data/train_500_0.pkl,data/test_500_0.pkl,2,0.604,11.8591,0.8219,500,0
log_loss_learner.py,data/train_500_0.pkl,data/test_500_0.pkl,2,0.6567,11.0979,0.6095,500,0
nonorthogonal_loss_learner.py,data/train_500_0.pkl,data/test_500_0.pkl,1,0.611,11.9425,0.805,500,0
orthogonal_loss_learner.py,data/train_500_0.pkl,data/test_500_0.pkl,1,0.644,10.5857,0.6544,500,0
orthogonal_loss_learner.py,data/train_500_0.pkl,data/test_500_0.pkl,2,0.643,10.348,0.6363,500,0
orthogonal_loss_learner_ybyt.py,data/train_500_0.pkl,data/test_500_0.pkl,1,0.6347,10.7726,0.7103,500,0
orthogonal_loss_learner_ybyt.py,data/train_500_0.pkl,data/test_500_0.pkl,2,0.659,10.381,0.5983,500,0
orthogonal_loss_learner_splitting.py,data/train_500_0.pkl,data/test_500_0.pkl,2,0.623,11.8892,0.7605,500,0
stupid_loss_learner.py,data/train_500_0.pkl,data/test_500_0.pkl,2,0.571,12.0409,0.9286,500,0
orthogonal_loss_learner_splitting.py,data/train_500_0.pkl,data/test_500_0.pkl,0,0.5963,11.8917,0.8216,500,0
nonorthogonal_loss_learner.py,data/train_500_0.pkl,data/test_500_0.pkl,0,0.639,11.5856,0.659,500,0
orthogonal_loss_learner_ybyt.py,data/train_500_0.pkl,data/test_500_0.pkl,0,0.658,10.4058,0.6166,500,0
log_loss_learner.py,data/train_500_2.pkl,data/test_500_2.pkl,1,0.721,24.3342,0.6608,500,2
stupid_loss_learner.py,data/train_500_2.pkl,data/test_500_2.pkl,1,0.6263,26.306,1.2494,500,2
stupid_loss_learner.py,data/train_500_2.pkl,data/test_500_2.pkl,0,0.601,26.7484,1.3745,500,2
orthogonal_loss_learner_splitting.py,data/train_500_2.pkl,data/test_500_2.pkl,2,0.7093,25.4659,0.6803,500,2
orthogonal_loss_learner_splitting.py,data/train_500_2.pkl,data/test_500_2.pkl,0,0.7163,25.152,0.6712,500,2
log_loss_learner.py,data/train_500_2.pkl,data/test_500_2.pkl,2,0.7163,24.1745,0.693,500,2
nonorthogonal_loss_learner.py,data/train_500_2.pkl,data/test_500_2.pkl,1,0.7357,23.4274,0.582,500,2
orthogonal_loss_learner.py,data/train_500_2.pkl,data/test_500_2.pkl,2,0.7307,22.1144,0.6167,500,2
orthogonal_loss_learner.py,data/train_500_2.pkl,data/test_500_2.pkl,1,0.724,22.7308,0.6466,500,2
stupid_loss_learner.py,data/train_500_2.pkl,data/test_500_2.pkl,2,0.6863,26.318,0.8629,500,2
orthogonal_loss_learner_ybyt.py,data/train_500_2.pkl,data/test_500_2.pkl,0,0.7123,24.4792,0.7107,500,2
nonorthogonal_loss_learner.py,data/train_500_2.pkl,data/test_500_2.pkl,2,0.7083,25.1571,0.7243,500,2
orthogonal_loss_learner_ybyt.py,data/train_500_2.pkl,data/test_500_2.pkl,1,0.716,23.001,0.6949,500,2
orthogonal_loss_learner.py,data/train_500_2.pkl,data/test_500_2.pkl,0,0.731,21.144,0.5893,500,2
log_loss_learner.py,data/train_500_2.pkl,data/test_500_2.pkl,0,0.7193,24.2182,0.6649,500,2
nonorthogonal_loss_learner.py,data/train_500_2.pkl,data/test_500_2.pkl,0,0.6993,25.1508,0.7652,500,2
orthogonal_loss_learner_ybyt.py,data/train_500_2.pkl,data/test_500_2.pkl,2,0.7053,23.1916,0.7489,500,2
orthogonal_loss_learner_splitting.py,data/train_500_2.pkl,data/test_500_2.pkl,1,0.645,26.0066,1.0946,500,2
nonorthogonal_loss_learner.py,data/train_500_3.pkl,data/test_500_3.pkl,1,0.6727,23.282,0.8126,500,3
orthogonal_loss_learner_splitting.py,data/train_500_3.pkl,data/test_500_3.pkl,2,0.603,24.1529,1.1911,500,3
log_loss_learner.py,data/train_500_3.pkl,data/test_500_3.pkl,1,0.7233,21.7861,0.5365,500,3
stupid_loss_learner.py,data/train_500_3.pkl,data/test_500_3.pkl,0,0.551,24.4921,1.5236,500,3
log_loss_learner.py,data/train_500_3.pkl,data/test_500_3.pkl,0,0.6903,22.8019,0.6634,500,3
stupid_loss_learner.py,data/train_500_3.pkl,data/test_500_3.pkl,2,0.5447,24.5843,1.5761,500,3
log_loss_learner.py,data/train_500_3.pkl,data/test_500_3.pkl,2,0.6927,22.3305,0.693,500,3
orthogonal_loss_learner.py,data/train_500_3.pkl,data/test_500_3.pkl,1,0.7243,17.4193,0.5341,500,3
orthogonal_loss_learner_ybyt.py,data/train_500_3.pkl,data/test_500_3.pkl,2,0.6993,18.6731,0.6362,500,3
orthogonal_loss_learner.py,data/train_500_3.pkl,data/test_500_3.pkl,0,0.718,19.1355,0.5575,500,3
orthogonal_loss_learner.py,data/train_500_3.pkl,data/test_500_3.pkl,2,0.7027,20.3592,0.6272,500,3
stupid_loss_learner.py,data/train_500_3.pkl,data/test_500_3.pkl,1,0.5823,24.0712,1.3276,500,3
orthogonal_loss_learner_splitting.py,data/train_500_3.pkl,data/test_500_3.pkl,1,0.643,23.0814,0.9771,500,3
nonorthogonal_loss_learner.py,data/train_500_3.pkl,data/test_500_3.pkl,0,0.6547,24.168,0.9222,500,3
nonorthogonal_loss_learner.py,data/train_500_3.pkl,data/test_500_3.pkl,2,0.6613,23.5118,0.8798,500,3
orthogonal_loss_learner_splitting.py,data/train_500_3.pkl,data/test_500_3.pkl,0,0.6527,23.9289,0.9568,500,3
orthogonal_loss_learner_ybyt.py,data/train_500_3.pkl,data/test_500_3.pkl,0,0.7053,20.7278,0.6488,500,3
orthogonal_loss_learner_ybyt.py,data/train_500_3.pkl,data/test_500_3.pkl,1,0.687,20.7922,0.7318,500,3
stupid_loss_learner.py,data/train_500_1.pkl,data/test_500_1.pkl,0,0.6337,11.0724,0.6983,500,1
log_loss_learner.py,data/train_500_1.pkl,data/test_500_1.pkl,0,0.6947,9.9437,0.4296,500,1
orthogonal_loss_learner_splitting.py,data/train_500_1.pkl,data/test_500_1.pkl,1,0.6663,10.3826,0.5725,500,1
nonorthogonal_loss_learner.py,data/train_500_1.pkl,data/test_500_1.pkl,2,0.6467,10.6401,0.6256,500,1
orthogonal_loss_learner_splitting.py,data/train_500_1.pkl,data/test_500_1.pkl,0,0.687,10.2649,0.4667,500,1
nonorthogonal_loss_learner.py,data/train_500_1.pkl,data/test_500_1.pkl,1,0.6553,10.7768,0.6197,500,1
nonorthogonal_loss_learner.py,data/train_500_1.pkl,data/test_500_1.pkl,0,0.6563,10.9829,0.5826,500,1
stupid_loss_learner.py,data/train_500_1.pkl,data/test_500_1.pkl,1,0.6433,10.8794,0.6157,500,1
orthogonal_loss_learner_splitting.py,data/train_500_1.pkl,data/test_500_1.pkl,2,0.6893,10.7462,0.4808,500,1
log_loss_learner.py,data/train_500_1.pkl,data/test_500_1.pkl,1,0.69,10.174,0.4648,500,1
orthogonal_loss_learner.py,data/train_500_1.pkl,data/test_500_1.pkl,0,0.6943,8.3677,0.4324,500,1
orthogonal_loss_learner_ybyt.py,data/train_500_1.pkl,data/test_500_1.pkl,0,0.6883,9.4191,0.4884,500,1
log_loss_learner.py,data/train_500_1.pkl,data/test_500_1.pkl,2,0.6883,10.1391,0.4771,500,1
orthogonal_loss_learner_ybyt.py,data/train_500_1.pkl,data/test_500_1.pkl,1,0.6897,9.2826,0.4645,500,1
orthogonal_loss_learner.py,data/train_500_1.pkl,data/test_500_1.pkl,1,0.693,9.039,0.4365,500,1
orthogonal_loss_learner.py,data/train_500_1.pkl,data/test_500_1.pkl,2,0.684,8.7609,0.474,500,1
stupid_loss_learner.py,data/train_500_1.pkl,data/test_500_1.pkl,2,0.6587,10.8865,0.5971,500,1
orthogonal_loss_learner_ybyt.py,data/train_500_1.pkl,data/test_500_1.pkl,2,0.703,9.142,0.4294,500,1
nonorthogonal_loss_learner.py,data/train_1000_4.pkl,data/test_1000_4.pkl,2,0.7703,31.1273,0.5123,1000,4
stupid_loss_learner.py,data/train_1000_4.pkl,data/test_1000_4.pkl,2,0.691,35.8583,0.9572,1000,4
orthogonal_loss_learner_splitting.py,data/train_1000_4.pkl,data/test_1000_4.pkl,2,0.7537,31.3446,0.6052,1000,4
orthogonal_loss_learner.py,data/train_1000_4.pkl,data/test_1000_4.pkl,0,0.7843,15.7204,0.4585,1000,4
stupid_loss_learner.py,data/train_1000_4.pkl,data/test_1000_4.pkl,0,0.726,34.4626,0.7259,1000,4
log_loss_learner.py,data/train_1000_4.pkl,data/test_1000_4.pkl,1,0.7833,30.9986,0.4406,1000,4
stupid_loss_learner.py,data/train_1000_4.pkl,data/test_1000_4.pkl,1,0.7277,35.6548,0.7553,1000,4
orthogonal_loss_learner_ybyt.py,data/train_1000_4.pkl,data/test_1000_4.pkl,1,0.7827,16.432,0.4549,1000,4
nonorthogonal_loss_learner.py,data/train_1000_4.pkl,data/test_1000_4.pkl,0,0.7643,29.7109,0.5137,1000,4
log_loss_learner.py,data/train_1000_4.pkl,data/test_1000_4.pkl,0,0.7813,30.803,0.4596,1000,4
nonorthogonal_loss_learner.py,data/train_1000_4.pkl,data/test_1000_4.pkl,1,0.7597,30.2003,0.6045,1000,4
orthogonal_loss_learner.py,data/train_1000_4.pkl,data/test_1000_4.pkl,1,0.7817,14.8825,0.4807,1000,4
log_loss_learner.py,data/train_1000_4.pkl,data/test_1000_4.pkl,2,0.7713,31.7853,0.5022,1000,4
orthogonal_loss_learner_splitting.py,data/train_1000_4.pkl,data/test_1000_4.pkl,0,0.762,30.4651,0.59,1000,4
orthogonal_loss_learner_ybyt.py,data/train_1000_4.pkl,data/test_1000_4.pkl,0,0.7797,16.9752,0.47,1000,4
orthogonal_loss_learner_splitting.py,data/train_1000_4.pkl,data/test_1000_4.pkl,1,0.7593,30.6882,0.5516,1000,4
orthogonal_loss_learner.py,data/train_1000_4.pkl,data/test_1000_4.pkl,2,0.7857,14.4895,0.4355,1000,4
orthogonal_loss_learner_ybyt.py,data/train_1000_4.pkl,data/test_1000_4.pkl,2,0.783,17.2155,0.4526,1000,4
orthogonal_loss_learner_splitting.py,data/train_1000_1.pkl,data/test_1000_1.pkl,0,0.692,9.0133,0.4705,1000,1
stupid_loss_learner.py,data/train_1000_1.pkl,data/test_1000_1.pkl,2,0.6687,10.3965,0.566,1000,1
stupid_loss_learner.py,data/train_1000_1.pkl,data/test_1000_1.pkl,0,0.6767,10.3772,0.5338,1000,1
stupid_loss_learner.py,data/train_1000_1.pkl,data/test_1000_1.pkl,1,0.6663,10.5356,0.5898,1000,1
nonorthogonal_loss_learner.py,data/train_1000_1.pkl,data/test_1000_1.pkl,2,0.6973,9.3611,0.4584,1000,1
orthogonal_loss_learner_splitting.py,data/train_1000_1.pkl,data/test_1000_1.pkl,1,0.6867,9.52,0.4488,1000,1
orthogonal_loss_learner_splitting.py,data/train_1000_1.pkl,data/test_1000_1.pkl,2,0.6843,9.1324,0.4691,1000,1
nonorthogonal_loss_learner.py,data/train_1000_1.pkl,data/test_1000_1.pkl,1,0.6987,8.6387,0.4122,1000,1
nonorthogonal_loss_learner.py,data/train_1000_1.pkl,data/test_1000_1.pkl,0,0.6817,10.0047,0.4968,1000,1
log_loss_learner.py,data/train_1000_1.pkl,data/test_1000_1.pkl,2,0.711,9.4871,0.393,1000,1
log_loss_learner.py,data/train_1000_1.pkl,data/test_1000_1.pkl,0,0.6997,9.4811,0.4054,1000,1
orthogonal_loss_learner.py,data/train_1000_1.pkl,data/test_1000_1.pkl,0,0.6983,7.2388,0.4204,1000,1
log_loss_learner.py,data/train_1000_1.pkl,data/test_1000_1.pkl,1,0.7013,9.3434,0.4023,1000,1
orthogonal_loss_learner_ybyt.py,data/train_1000_1.pkl,data/test_1000_1.pkl,1,0.696,7.3301,0.4201,1000,1
orthogonal_loss_learner.py,data/train_1000_1.pkl,data/test_1000_1.pkl,2,0.702,6.7213,0.391,1000,1
orthogonal_loss_learner_ybyt.py,data/train_1000_1.pkl,data/test_1000_1.pkl,2,0.704,6.9998,0.3939,1000,1
orthogonal_loss_learner.py,data/train_1000_1.pkl,data/test_1000_1.pkl,1,0.6947,7.1323,0.4166,1000,1
orthogonal_loss_learner_ybyt.py,data/train_1000_1.pkl,data/test_1000_1.pkl,0,0.7007,7.0091,0.4009,1000,1
orthogonal_loss_learner_splitting.py,data/train_1000_2.pkl,data/test_1000_2.pkl,0,0.7377,21.6489,0.5703,1000,2
orthogonal_loss_learner_ybyt.py,data/train_1000_2.pkl,data/test_1000_2.pkl,0,0.7537,14.0473,0.5099,1000,2
orthogonal_loss_learner_splitting.py,data/train_1000_2.pkl,data/test_1000_2.pkl,1,0.7273,22.7748,0.6406,1000,2
stupid_loss_learner.py,data/train_1000_2.pkl,data/test_1000_2.pkl,1,0.6833,24.6891,0.8501,1000,2
stupid_loss_learner.py,data/train_1000_2.pkl,data/test_1000_2.pkl,2,0.6977,25.1897,0.7991,1000,2
log_loss_learner.py,data/train_1000_2.pkl,data/test_1000_2.pkl,2,0.7403,22.1815,0.5806,1000,2
nonorthogonal_loss_learner.py,data/train_1000_2.pkl,data/test_1000_2.pkl,1,0.719,21.6302,0.6752,1000,2
nonorthogonal_loss_learner.py,data/train_1000_2.pkl,data/test_1000_2.pkl,0,0.7223,20.3466,0.6802,1000,2
log_loss_learner.py,data/train_1000_2.pkl,data/test_1000_2.pkl,1,0.7397,22.2176,0.5884,1000,2
log_loss_learner.py,data/train_1000_2.pkl,data/test_1000_2.pkl,0,0.7313,22.5217,0.6092,1000,2
orthogonal_loss_learner.py,data/train_1000_2.pkl,data/test_1000_2.pkl,2,0.7533,13.8685,0.5324,1000,2
stupid_loss_learner.py,data/train_1000_2.pkl,data/test_1000_2.pkl,0,0.6937,24.2714,0.8472,1000,2
orthogonal_loss_learner_splitting.py,data/train_1000_2.pkl,data/test_1000_2.pkl,2,0.7407,20.6364,0.558,1000,2
nonorthogonal_loss_learner.py,data/train_1000_2.pkl,data/test_1000_2.pkl,2,0.724,22.1547,0.6453,1000,2
orthogonal_loss_learner.py,data/train_1000_2.pkl,data/test_1000_2.pkl,0,0.7517,13.8471,0.5201,1000,2
orthogonal_loss_learner_ybyt.py,data/train_1000_2.pkl,data/test_1000_2.pkl,2,0.75,13.4106,0.519,1000,2
orthogonal_loss_learner.py,data/train_1000_2.pkl,data/test_1000_2.pkl,1,0.7427,14.2039,0.557,1000,2
orthogonal_loss_learner_ybyt.py,data/train_1000_2.pkl,data/test_1000_2.pkl,1,0.741,14.4842,0.5665,1000,2
nonorthogonal_loss_learner.py,data/train_1000_3.pkl,data/test_1000_3.pkl,2,0.698,21.9861,0.6719,1000,3
orthogonal_loss_learner_splitting.py,data/train_1000_3.pkl,data/test_1000_3.pkl,0,0.7163,21.431,0.6355,1000,3
nonorthogonal_loss_learner.py,data/train_1000_3.pkl,data/test_1000_3.pkl,1,0.733,19.1211,0.5544,1000,3
log_loss_learner.py,data/train_1000_3.pkl,data/test_1000_3.pkl,0,0.7357,20.9003,0.5048,1000,3
stupid_loss_learner.py,data/train_1000_3.pkl,data/test_1000_3.pkl,2,0.7013,22.4974,0.6935,1000,3
log_loss_learner.py,data/train_1000_3.pkl,data/test_1000_3.pkl,2,0.7343,20.7668,0.5245,1000,3
orthogonal_loss_learner_splitting.py,data/train_1000_3.pkl,data/test_1000_3.pkl,2,0.705,21.806,0.6218,1000,3
stupid_loss_learner.py,data/train_1000_3.pkl,data/test_1000_3.pkl,0,0.7047,23.1116,0.6876,1000,3
nonorthogonal_loss_learner.py,data/train_1000_3.pkl,data/test_1000_3.pkl,0,0.7147,20.1978,0.6124,1000,3
log_loss_learner.py,data/train_1000_3.pkl,data/test_1000_3.pkl,1,0.7333,20.8767,0.5175,1000,3
orthogonal_loss_learner_splitting.py,data/train_1000_3.pkl,data/test_1000_3.pkl,1,0.7243,19.7614,0.6063,1000,3
stupid_loss_learner.py,data/train_1000_3.pkl,data/test_1000_3.pkl,1,0.696,22.7623,0.7072,1000,3
orthogonal_loss_learner_ybyt.py,data/train_1000_3.pkl,data/test_1000_3.pkl,1,0.7393,13.7836,0.5206,1000,3
orthogonal_loss_learner.py,data/train_1000_3.pkl,data/test_1000_3.pkl,2,0.7347,12.619,0.5062,1000,3
orthogonal_loss_learner_ybyt.py,data/train_1000_3.pkl,data/test_1000_3.pkl,0,0.745,13.7684,0.4815,1000,3
orthogonal_loss_learner_ybyt.py,data/train_1000_3.pkl,data/test_1000_3.pkl,2,0.744,13.5173,0.489,1000,3
orthogonal_loss_learner.py,data/train_1000_3.pkl,data/test_1000_3.pkl,0,0.739,12.6813,0.5064,1000,3
orthogonal_loss_learner.py,data/train_1000_3.pkl,data/test_1000_3.pkl,1,0.732,13.0633,0.5403,1000,3
orthogonal_loss_learner.py,data/train_1000_0.pkl,data/test_1000_0.pkl,2,0.65,9.4489,0.5972,1000,0
log_loss_learner.py,data/train_1000_0.pkl,data/test_1000_0.pkl,0,0.665,11.0009,0.5745,1000,0
nonorthogonal_loss_learner.py,data/train_1000_0.pkl,data/test_1000_0.pkl,0,0.6503,10.6808,0.6309,1000,0
stupid_loss_learner.py,data/train_1000_0.pkl,data/test_1000_0.pkl,0,0.6217,11.8135,0.7662,1000,0
stupid_loss_learner.py,data/train_1000_0.pkl,data/test_1000_0.pkl,2,0.6187,11.5773,0.7777,1000,0
orthogonal_loss_learner_splitting.py,data/train_1000_0.pkl,data/test_1000_0.pkl,1,0.6317,10.4372,0.6585,1000,0
orthogonal_loss_learner_splitting.py,data/train_1000_0.pkl,data/test_1000_0.pkl,2,0.645,10.4204,0.6146,1000,0
orthogonal_loss_learner_splitting.py,data/train_1000_0.pkl,data/test_1000_0.pkl,0,0.659,10.5402,0.59,1000,0
nonorthogonal_loss_learner.py,data/train_1000_0.pkl,data/test_1000_0.pkl,1,0.6283,11.0131,0.69,1000,0
log_loss_learner.py,data/train_1000_0.pkl,data/test_1000_0.pkl,1,0.6487,10.9139,0.6085,1000,0
stupid_loss_learner.py,data/train_1000_0.pkl,data/test_1000_0.pkl,1,0.6003,11.7594,0.8292,1000,0
log_loss_learner.py,data/train_1000_0.pkl,data/test_1000_0.pkl,2,0.655,10.8795,0.5907,1000,0
nonorthogonal_loss_learner.py,data/train_1000_0.pkl,data/test_1000_0.pkl,2,0.6323,10.8563,0.6734,1000,0
orthogonal_loss_learner.py,data/train_1000_0.pkl,data/test_1000_0.pkl,0,0.658,9.2123,0.5854,1000,0
orthogonal_loss_learner_ybyt.py,data/train_1000_0.pkl,data/test_1000_0.pkl,2,0.6483,9.3602,0.6058,1000,0
orthogonal_loss_learner_ybyt.py,data/train_1000_0.pkl,data/test_1000_0.pkl,0,0.66,9.2468,0.5923,1000,0
orthogonal_loss_learner.py,data/train_1000_0.pkl,data/test_1000_0.pkl,1,0.6613,9.1535,0.5616,1000,0
orthogonal_loss_learner_ybyt.py,data/train_1000_0.pkl,data/test_1000_0.pkl,1,0.6587,9.3973,0.6085,1000,0
orthogonal_loss_learner_splitting.py,data/train_2000_2.pkl,data/test_2000_2.pkl,2,0.7473,14.0841,0.5307,2000,2
stupid_loss_learner.py,data/train_2000_2.pkl,data/test_2000_2.pkl,1,0.7423,20.1943,0.5721,2000,2
nonorthogonal_loss_learner.py,data/train_2000_2.pkl,data/test_2000_2.pkl,2,0.7503,14.7437,0.527,2000,2
log_loss_learner.py,data/train_2000_2.pkl,data/test_2000_2.pkl,0,0.7547,20.5474,0.4969,2000,2
stupid_loss_learner.py,data/train_2000_2.pkl,data/test_2000_2.pkl,0,0.7383,20.8009,0.6011,2000,2
log_loss_learner.py,data/train_2000_2.pkl,data/test_2000_2.pkl,2,0.755,20.3173,0.494,2000,2
orthogonal_loss_learner_splitting.py,data/train_2000_2.pkl,data/test_2000_2.pkl,1,0.7543,13.2499,0.4974,2000,2
log_loss_learner.py,data/train_2000_2.pkl,data/test_2000_2.pkl,1,0.757,20.5383,0.4956,2000,2
nonorthogonal_loss_learner.py,data/train_2000_2.pkl,data/test_2000_2.pkl,1,0.753,15.0145,0.514,2000,2
nonorthogonal_loss_learner.py,data/train_2000_2.pkl,data/test_2000_2.pkl,0,0.748,14.4971,0.5179,2000,2
orthogonal_loss_learner_splitting.py,data/train_2000_2.pkl,data/test_2000_2.pkl,0,0.742,13.9326,0.5619,2000,2
stupid_loss_learner.py,data/train_2000_2.pkl,data/test_2000_2.pkl,2,0.7387,20.5853,0.5666,2000,2
orthogonal_loss_learner_ybyt.py,data/train_2000_2.pkl,data/test_2000_2.pkl,1,0.7607,12.6233,0.4748,2000,2
orthogonal_loss_learner.py,data/train_2000_2.pkl,data/test_2000_2.pkl,1,0.7557,12.9741,0.4792,2000,2
orthogonal_loss_learner_ybyt.py,data/train_2000_2.pkl,data/test_2000_2.pkl,2,0.7517,12.9145,0.4951,2000,2
orthogonal_loss_learner.py,data/train_2000_2.pkl,data/test_2000_2.pkl,2,0.765,12.9786,0.4519,2000,2
orthogonal_loss_learner_ybyt.py,data/train_2000_2.pkl,data/test_2000_2.pkl,0,0.7553,12.5686,0.4842,2000,2
orthogonal_loss_learner.py,data/train_2000_2.pkl,data/test_2000_2.pkl,0,0.7647,13.0545,0.4424,2000,2
orthogonal_loss_learner_splitting.py,data/train_2000_3.pkl,data/test_2000_3.pkl,1,0.7387,13.1914,0.5369,2000,3
orthogonal_loss_learner_splitting.py,data/train_2000_3.pkl,data/test_2000_3.pkl,2,0.7463,12.8135,0.4978,2000,3
orthogonal_loss_learner_splitting.py,data/train_2000_3.pkl,data/test_2000_3.pkl,0,0.7413,12.2762,0.5043,2000,3
log_loss_learner.py,data/train_2000_3.pkl,data/test_2000_3.pkl,0,0.7443,19.1814,0.4743,2000,3
stupid_loss_learner.py,data/train_2000_3.pkl,data/test_2000_3.pkl,1,0.7353,18.0105,0.5345,2000,3
nonorthogonal_loss_learner.py,data/train_2000_3.pkl,data/test_2000_3.pkl,0,0.7467,14.1705,0.4976,2000,3
nonorthogonal_loss_learner.py,data/train_2000_3.pkl,data/test_2000_3.pkl,1,0.7473,13.6908,0.4844,2000,3
log_loss_learner.py,data/train_2000_3.pkl,data/test_2000_3.pkl,1,0.751,19.1387,0.4592,2000,3
log_loss_learner.py,data/train_2000_3.pkl,data/test_2000_3.pkl,2,0.7463,19.3208,0.4682,2000,3
stupid_loss_learner.py,data/train_2000_3.pkl,data/test_2000_3.pkl,0,0.7377,18.2171,0.5364,2000,3
stupid_loss_learner.py,data/train_2000_3.pkl,data/test_2000_3.pkl,2,0.7387,18.597,0.551,2000,3
nonorthogonal_loss_learner.py,data/train_2000_3.pkl,data/test_2000_3.pkl,2,0.75,14.0519,0.4892,2000,3
orthogonal_loss_learner.py,data/train_2000_3.pkl,data/test_2000_3.pkl,2,0.7473,11.4179,0.4644,2000,3
orthogonal_loss_learner_ybyt.py,data/train_2000_3.pkl,data/test_2000_3.pkl,2,0.7503,11.6946,0.4578,2000,3
orthogonal_loss_learner_ybyt.py,data/train_2000_3.pkl,data/test_2000_3.pkl,0,0.7593,11.2975,0.4414,2000,3
orthogonal_loss_learner.py,data/train_2000_3.pkl,data/test_2000_3.pkl,1,0.7507,11.568,0.461,2000,3
orthogonal_loss_learner.py,data/train_2000_3.pkl,data/test_2000_3.pkl,0,0.7453,11.8273,0.4834,2000,3
orthogonal_loss_learner_ybyt.py,data/train_2000_3.pkl,data/test_2000_3.pkl,1,0.7487,11.7253,0.4727,2000,3
log_loss_learner.py,data/train_2000_0.pkl,data/test_2000_0.pkl,1,0.667,10.8186,0.5799,2000,0
log_loss_learner.py,data/train_2000_0.pkl,data/test_2000_0.pkl,0,0.6687,10.8936,0.5712,2000,0
stupid_loss_learner.py,data/train_2000_0.pkl,data/test_2000_0.pkl,0,0.6287,11.2678,0.7472,2000,0
log_loss_learner.py,data/train_2000_0.pkl,data/test_2000_0.pkl,2,0.663,10.9427,0.5723,2000,0
nonorthogonal_loss_learner.py,data/train_2000_0.pkl,data/test_2000_0.pkl,1,0.6607,9.5548,0.5959,2000,0
orthogonal_loss_learner_ybyt.py,data/train_2000_0.pkl,data/test_2000_0.pkl,2,0.677,8.8101,0.5282,2000,0
orthogonal_loss_learner_splitting.py,data/train_2000_0.pkl,data/test_2000_0.pkl,1,0.6637,9.1423,0.5726,2000,0
nonorthogonal_loss_learner.py,data/train_2000_0.pkl,data/test_2000_0.pkl,2,0.6663,9.5796,0.5924,2000,0
nonorthogonal_loss_learner.py,data/train_2000_0.pkl,data/test_2000_0.pkl,0,0.6617,9.5314,0.5995,2000,0
stupid_loss_learner.py,data/train_2000_0.pkl,data/test_2000_0.pkl,2,0.6447,10.7968,0.6662,2000,0
orthogonal_loss_learner_splitting.py,data/train_2000_0.pkl,data/test_2000_0.pkl,2,0.665,9.2488,0.5713,2000,0
stupid_loss_learner.py,data/train_2000_0.pkl,data/test_2000_0.pkl,1,0.6553,10.4975,0.6099,2000,0
orthogonal_loss_learner_splitting.py,data/train_2000_0.pkl,data/test_2000_0.pkl,0,0.6623,9.3409,0.596,2000,0
orthogonal_loss_learner.py,data/train_2000_0.pkl,data/test_2000_0.pkl,0,0.6713,9.0651,0.5601,2000,0
orthogonal_loss_learner_ybyt.py,data/train_2000_0.pkl,data/test_2000_0.pkl,1,0.671,8.9337,0.5478,2000,0
orthogonal_loss_learner.py,data/train_2000_0.pkl,data/test_2000_0.pkl,2,0.6637,9.0415,0.5723,2000,0
orthogonal_loss_learner_ybyt.py,data/train_2000_0.pkl,data/test_2000_0.pkl,0,0.6677,9.0721,0.5523,2000,0
orthogonal_loss_learner.py,data/train_2000_0.pkl,data/test_2000_0.pkl,1,0.6647,9.0514,0.5682,2000,0
log_loss_learner.py,data/train_2000_1.pkl,data/test_2000_1.pkl,1,0.707,9.0836,0.3535,2000,1
nonorthogonal_loss_learner.py,data/train_2000_1.pkl,data/test_2000_1.pkl,1,0.697,7.3721,0.3974,2000,1
stupid_loss_learner.py,data/train_2000_1.pkl,data/test_2000_1.pkl,1,0.669,9.1073,0.4723,2000,1
orthogonal_loss_learner_splitting.py,data/train_2000_1.pkl,data/test_2000_1.pkl,0,0.696,7.241,0.4109,2000,1
stupid_loss_learner.py,data/train_2000_1.pkl,data/test_2000_1.pkl,2,0.685,9.2939,0.4724,2000,1
nonorthogonal_loss_learner.py,data/train_2000_1.pkl,data/test_2000_1.pkl,2,0.697,7.566,0.4057,2000,1
log_loss_learner.py,data/train_2000_1.pkl,data/test_2000_1.pkl,0,0.7117,8.9636,0.3354,2000,1
orthogonal_loss_learner_splitting.py,data/train_2000_1.pkl,data/test_2000_1.pkl,2,0.703,6.7194,0.3606,2000,1
nonorthogonal_loss_learner.py,data/train_2000_1.pkl,data/test_2000_1.pkl,0,0.6957,7.5328,0.4007,2000,1
orthogonal_loss_learner_splitting.py,data/train_2000_1.pkl,data/test_2000_1.pkl,1,0.695,7.1903,0.4017,2000,1
log_loss_learner.py,data/train_2000_1.pkl,data/test_2000_1.pkl,2,0.7083,9.0262,0.3538,2000,1
stupid_loss_learner.py,data/train_2000_1.pkl,data/test_2000_1.pkl,0,0.6913,9.2616,0.461,2000,1
orthogonal_loss_learner_ybyt.py,data/train_2000_1.pkl,data/test_2000_1.pkl,2,0.7177,6.439,0.3252,2000,1
orthogonal_loss_learner.py,data/train_2000_1.pkl,data/test_2000_1.pkl,1,0.713,6.5933,0.3377,2000,1
orthogonal_loss_learner_ybyt.py,data/train_2000_1.pkl,data/test_2000_1.pkl,1,0.7093,6.5589,0.3567,2000,1
orthogonal_loss_learner.py,data/train_2000_1.pkl,data/test_2000_1.pkl,2,0.712,6.5086,0.3477,2000,1
orthogonal_loss_learner_ybyt.py,data/train_2000_1.pkl,data/test_2000_1.pkl,0,0.708,6.6395,0.3639,2000,1
orthogonal_loss_learner.py,data/train_2000_1.pkl,data/test_2000_1.pkl,0,0.717,6.2755,0.3288,2000,1
log_loss_learner.py,data/train_2000_4.pkl,data/test_2000_4.pkl,1,0.7827,29.4163,0.4447,2000,4
nonorthogonal_loss_learner.py,data/train_2000_4.pkl,data/test_2000_4.pkl,1,0.7793,19.2064,0.468,2000,4
nonorthogonal_loss_learner.py,data/train_2000_4.pkl,data/test_2000_4.pkl,0,0.777,19.3501,0.4541,2000,4
log_loss_learner.py,data/train_2000_4.pkl,data/test_2000_4.pkl,2,0.7877,29.3725,0.4311,2000,4
log_loss_learner.py,data/train_2000_4.pkl,data/test_2000_4.pkl,0,0.786,29.2587,0.4251,2000,4
orthogonal_loss_learner_splitting.py,data/train_2000_4.pkl,data/test_2000_4.pkl,2,0.7747,17.1189,0.4672,2000,4
orthogonal_loss_learner_splitting.py,data/train_2000_4.pkl,data/test_2000_4.pkl,1,0.7703,17.3716,0.4863,2000,4
nonorthogonal_loss_learner.py,data/train_2000_4.pkl,data/test_2000_4.pkl,2,0.7773,21.5418,0.4733,2000,4
stupid_loss_learner.py,data/train_2000_4.pkl,data/test_2000_4.pkl,0,0.7457,31.4482,0.6594,2000,4
orthogonal_loss_learner_ybyt.py,data/train_2000_4.pkl,data/test_2000_4.pkl,1,0.7907,13.7252,0.409,2000,4
stupid_loss_learner.py,data/train_2000_4.pkl,data/test_2000_4.pkl,2,0.7383,30.8505,0.7176,2000,4
stupid_loss_learner.py,data/train_2000_4.pkl,data/test_2000_4.pkl,1,0.7537,30.3868,0.5686,2000,4
orthogonal_loss_learner_splitting.py,data/train_2000_4.pkl,data/test_2000_4.pkl,0,0.7757,17.789,0.4972,2000,4
orthogonal_loss_learner_ybyt.py,data/train_2000_4.pkl,data/test_2000_4.pkl,2,0.785,14.1646,0.4271,2000,4
orthogonal_loss_learner.py,data/train_2000_4.pkl,data/test_2000_4.pkl,1,0.796,13.8386,0.4022,2000,4
orthogonal_loss_learner.py,data/train_2000_4.pkl,data/test_2000_4.pkl,2,0.7963,13.8976,0.3961,2000,4
orthogonal_loss_learner.py,data/train_2000_4.pkl,data/test_2000_4.pkl,0,0.789,13.8239,0.4291,2000,4
orthogonal_loss_learner_ybyt.py,data/train_2000_4.pkl,data/test_2000_4.pkl,0,0.7907,14.1765,0.4305,2000,4
log_loss_learner.py,data/train_3000_2.pkl,data/test_3000_2.pkl,0,0.7653,20.476,0.4384,3000,2
log_loss_learner.py,data/train_3000_2.pkl,data/test_3000_2.pkl,2,0.761,20.4556,0.4529,3000,2
log_loss_learner.py,data/train_3000_2.pkl,data/test_3000_2.pkl,1,0.7673,20.3,0.4519,3000,2
stupid_loss_learner.py,data/train_3000_2.pkl,data/test_3000_2.pkl,0,0.7543,18.1764,0.4973,3000,2
nonorthogonal_loss_learner.py,data/train_3000_2.pkl,data/test_3000_2.pkl,0,0.7583,14.4845,0.4696,3000,2
nonorthogonal_loss_learner.py,data/train_3000_2.pkl,data/test_3000_2.pkl,1,0.7577,13.9004,0.4772,3000,2
nonorthogonal_loss_learner.py,data/train_3000_2.pkl,data/test_3000_2.pkl,2,0.7503,14.4254,0.5036,3000,2
orthogonal_loss_learner_splitting.py,data/train_3000_2.pkl,data/test_3000_2.pkl,1,0.759,12.8649,0.479,3000,2
stupid_loss_learner.py,data/train_3000_2.pkl,data/test_3000_2.pkl,2,0.7473,19.0421,0.5075,3000,2
orthogonal_loss_learner_splitting.py,data/train_3000_2.pkl,data/test_3000_2.pkl,2,0.7517,13.3943,0.4992,3000,2
stupid_loss_learner.py,data/train_3000_2.pkl,data/test_3000_2.pkl,1,0.7437,19.3443,0.5422,3000,2
orthogonal_loss_learner_splitting.py,data/train_3000_2.pkl,data/test_3000_2.pkl,0,0.755,12.895,0.4855,3000,2
orthogonal_loss_learner.py,data/train_3000_2.pkl,data/test_3000_2.pkl,0,0.7713,11.6545,0.436,3000,2
orthogonal_loss_learner.py,data/train_3000_2.pkl,data/test_3000_2.pkl,1,0.7717,12.1693,0.4359,3000,2
orthogonal_loss_learner.py,data/train_3000_2.pkl,data/test_3000_2.pkl,2,0.7677,12.2075,0.4432,3000,2
orthogonal_loss_learner_ybyt.py,data/train_3000_2.pkl,data/test_3000_2.pkl,1,0.769,11.888,0.4212,3000,2
orthogonal_loss_learner_ybyt.py,data/train_3000_2.pkl,data/test_3000_2.pkl,2,0.769,11.6826,0.4211,3000,2
orthogonal_loss_learner_ybyt.py,data/train_3000_2.pkl,data/test_3000_2.pkl,0,0.7657,12.1042,0.4429,3000,2
orthogonal_loss_learner_splitting.py,data/train_3000_0.pkl,data/test_3000_0.pkl,0,0.6593,9.2133,0.56,3000,0
stupid_loss_learner.py,data/train_3000_0.pkl,data/test_3000_0.pkl,2,0.65,10.6583,0.6089,3000,0
log_loss_learner.py,data/train_3000_0.pkl,data/test_3000_0.pkl,2,0.662,10.8036,0.5432,3000,0
nonorthogonal_loss_learner.py,data/train_3000_0.pkl,data/test_3000_0.pkl,2,0.6633,9.4914,0.5642,3000,0
log_loss_learner.py,data/train_3000_0.pkl,data/test_3000_0.pkl,1,0.6633,10.7972,0.5469,3000,0
nonorthogonal_loss_learner.py,data/train_3000_0.pkl,data/test_3000_0.pkl,0,0.658,9.5947,0.566,3000,0
stupid_loss_learner.py,data/train_3000_0.pkl,data/test_3000_0.pkl,0,0.6487,10.7842,0.6178,3000,0
nonorthogonal_loss_learner.py,data/train_3000_0.pkl,data/test_3000_0.pkl,1,0.6653,9.1376,0.5307,3000,0
log_loss_learner.py,data/train_3000_0.pkl,data/test_3000_0.pkl,0,0.6523,10.7312,0.5508,3000,0
orthogonal_loss_learner_splitting.py,data/train_3000_0.pkl,data/test_3000_0.pkl,2,0.6657,9.1822,0.5421,3000,0
stupid_loss_learner.py,data/train_3000_0.pkl,data/test_3000_0.pkl,1,0.6713,10.5473,0.5561,3000,0
orthogonal_loss_learner_splitting.py,data/train_3000_0.pkl,data/test_3000_0.pkl,1,0.6587,9.2172,0.5665,3000,0
orthogonal_loss_learner_ybyt.py,data/train_3000_0.pkl,data/test_3000_0.pkl,0,0.6723,8.6544,0.5131,3000,0
orthogonal_loss_learner.py,data/train_3000_0.pkl,data/test_3000_0.pkl,1,0.6713,8.6834,0.4915,3000,0
orthogonal_loss_learner.py,data/train_3000_0.pkl,data/test_3000_0.pkl,2,0.6693,8.9883,0.5196,3000,0
orthogonal_loss_learner_ybyt.py,data/train_3000_0.pkl,data/test_3000_0.pkl,2,0.6757,8.5421,0.4912,3000,0
orthogonal_loss_learner.py,data/train_3000_0.pkl,data/test_3000_0.pkl,0,0.6687,8.7979,0.5072,3000,0
orthogonal_loss_learner_ybyt.py,data/train_3000_0.pkl,data/test_3000_0.pkl,1,0.674,8.6145,0.5038,3000,0
orthogonal_loss_learner_splitting.py,data/train_3000_1.pkl,data/test_3000_1.pkl,0,0.7207,6.56,0.3511,3000,1
orthogonal_loss_learner_splitting.py,data/train_3000_1.pkl,data/test_3000_1.pkl,1,0.7123,6.7274,0.3707,3000,1
log_loss_learner.py,data/train_3000_1.pkl,data/test_3000_1.pkl,0,0.722,9.0086,0.3345,3000,1
log_loss_learner.py,data/train_3000_1.pkl,data/test_3000_1.pkl,2,0.7217,9.0167,0.3424,3000,1
stupid_loss_learner.py,data/train_3000_1.pkl,data/test_3000_1.pkl,2,0.6903,8.9479,0.4365,3000,1
stupid_loss_learner.py,data/train_3000_1.pkl,data/test_3000_1.pkl,0,0.7013,9.0122,0.4212,3000,1
nonorthogonal_loss_learner.py,data/train_3000_1.pkl,data/test_3000_1.pkl,2,0.716,7.0224,0.363,3000,1
nonorthogonal_loss_learner.py,data/train_3000_1.pkl,data/test_3000_1.pkl,0,0.7133,7.1639,0.3602,3000,1
nonorthogonal_loss_learner.py,data/train_3000_1.pkl,data/test_3000_1.pkl,1,0.7117,7.0032,0.3836,3000,1
orthogonal_loss_learner_splitting.py,data/train_3000_1.pkl,data/test_3000_1.pkl,2,0.7153,6.7232,0.3522,3000,1
stupid_loss_learner.py,data/train_3000_1.pkl,data/test_3000_1.pkl,1,0.7017,9.1147,0.4064,3000,1
log_loss_learner.py,data/train_3000_1.pkl,data/test_3000_1.pkl,1,0.723,9.035,0.3434,3000,1
orthogonal_loss_learner.py,data/train_3000_1.pkl,data/test_3000_1.pkl,0,0.7253,6.1088,0.3145,3000,1
orthogonal_loss_learner_ybyt.py,data/train_3000_1.pkl,data/test_3000_1.pkl,1,0.728,6.0791,0.3185,3000,1
orthogonal_loss_learner.py,data/train_3000_1.pkl,data/test_3000_1.pkl,1,0.7257,6.0073,0.3172,3000,1
orthogonal_loss_learner_ybyt.py,data/train_3000_1.pkl,data/test_3000_1.pkl,0,0.7277,6.0557,0.3145,3000,1
orthogonal_loss_learner_ybyt.py,data/train_3000_1.pkl,data/test_3000_1.pkl,2,0.7203,6.2921,0.3295,3000,1
orthogonal_loss_learner.py,data/train_3000_1.pkl,data/test_3000_1.pkl,2,0.727,6.1788,0.3107,3000,1
orthogonal_loss_learner_splitting.py,data/train_3000_3.pkl,data/test_3000_3.pkl,0,0.7523,11.9618,0.4644,3000,3
log_loss_learner.py,data/train_3000_3.pkl,data/test_3000_3.pkl,0,0.7583,19.1664,0.4275,3000,3
stupid_loss_learner.py,data/train_3000_3.pkl,data/test_3000_3.pkl,2,0.725,19.0309,0.5821,3000,3
orthogonal_loss_learner_splitting.py,data/train_3000_3.pkl,data/test_3000_3.pkl,2,0.7503,11.9422,0.4636,3000,3
nonorthogonal_loss_learner.py,data/train_3000_3.pkl,data/test_3000_3.pkl,2,0.7397,13.594,0.494,3000,3
nonorthogonal_loss_learner.py,data/train_3000_3.pkl,data/test_3000_3.pkl,0,0.752,13.7434,0.4712,3000,3
orthogonal_loss_learner_splitting.py,data/train_3000_3.pkl,data/test_3000_3.pkl,1,0.7467,13.2047,0.487,3000,3
stupid_loss_learner.py,data/train_3000_3.pkl,data/test_3000_3.pkl,1,0.738,18.6374,0.5313,3000,3
log_loss_learner.py,data/train_3000_3.pkl,data/test_3000_3.pkl,1,0.7557,19.0071,0.4437,3000,3
log_loss_learner.py,data/train_3000_3.pkl,data/test_3000_3.pkl,2,0.756,19.1044,0.431,3000,3
nonorthogonal_loss_learner.py,data/train_3000_3.pkl,data/test_3000_3.pkl,1,0.744,12.9005,0.4747,3000,3
stupid_loss_learner.py,data/train_3000_3.pkl,data/test_3000_3.pkl,0,0.7347,18.7153,0.5368,3000,3
orthogonal_loss_learner.py,data/train_3000_3.pkl,data/test_3000_3.pkl,2,0.7567,11.5372,0.4254,3000,3
orthogonal_loss_learner.py,data/train_3000_3.pkl,data/test_3000_3.pkl,1,0.7547,11.4967,0.4313,3000,3
orthogonal_loss_learner_ybyt.py,data/train_3000_3.pkl,data/test_3000_3.pkl,0,0.7617,11.4535,0.4296,3000,3
orthogonal_loss_learner_ybyt.py,data/train_3000_3.pkl,data/test_3000_3.pkl,1,0.7587,11.4251,0.4375,3000,3
orthogonal_loss_learner_ybyt.py,data/train_3000_3.pkl,data/test_3000_3.pkl,2,0.754,11.6123,0.4547,3000,3
orthogonal_loss_learner.py,data/train_3000_3.pkl,data/test_3000_3.pkl,0,0.7613,11.3064,0.4405,3000,3
stupid_loss_learner.py,data/train_3000_4.pkl,data/test_3000_4.pkl,0,0.777,24.8612,0.4889,3000,4
nonorthogonal_loss_learner.py,data/train_3000_4.pkl,data/test_3000_4.pkl,0,0.783,20.534,0.4488,3000,4
stupid_loss_learner.py,data/train_3000_4.pkl,data/test_3000_4.pkl,2,0.7733,24.2653,0.491,3000,4
orthogonal_loss_learner_splitting.py,data/train_3000_4.pkl,data/test_3000_4.pkl,1,0.7887,14.7982,0.409,3000,4
orthogonal_loss_learner_splitting.py,data/train_3000_4.pkl,data/test_3000_4.pkl,2,0.785,14.5587,0.4167,3000,4
stupid_loss_learner.py,data/train_3000_4.pkl,data/test_3000_4.pkl,1,0.7757,24.6898,0.4901,3000,4
nonorthogonal_loss_learner.py,data/train_3000_4.pkl,data/test_3000_4.pkl,1,0.7943,19.829,0.406,3000,4
nonorthogonal_loss_learner.py,data/train_3000_4.pkl,data/test_3000_4.pkl,2,0.7877,18.3606,0.4163,3000,4
log_loss_learner.py,data/train_3000_4.pkl,data/test_3000_4.pkl,2,0.795,28.1393,0.3976,3000,4
orthogonal_loss_learner_splitting.py,data/train_3000_4.pkl,data/test_3000_4.pkl,0,0.7817,15.7964,0.4327,3000,4
log_loss_learner.py,data/train_3000_4.pkl,data/test_3000_4.pkl,1,0.7943,28.4068,0.3931,3000,4
log_loss_learner.py,data/train_3000_4.pkl,data/test_3000_4.pkl,0,0.791,28.1916,0.4052,3000,4
orthogonal_loss_learner.py,data/train_3000_4.pkl,data/test_3000_4.pkl,2,0.796,13.6138,0.3808,3000,4
orthogonal_loss_learner_ybyt.py,data/train_3000_4.pkl,data/test_3000_4.pkl,1,0.7897,14.185,0.418,3000,4
orthogonal_loss_learner.py,data/train_3000_4.pkl,data/test_3000_4.pkl,1,0.7977,13.3255,0.3772,3000,4
orthogonal_loss_learner.py,data/train_3000_4.pkl,data/test_3000_4.pkl,0,0.7877,13.2982,0.4101,3000,4
orthogonal_loss_learner_ybyt.py,data/train_3000_4.pkl,data/test_3000_4.pkl,2,0.7883,13.6302,0.403,3000,4
orthogonal_loss_learner_ybyt.py,data/train_3000_4.pkl,data/test_3000_4.pkl,0,0.792,14.1371,0.4066,3000,4
log_loss_learner.py,data/train_5000_2.pkl,data/test_5000_2.pkl,0,0.7703,19.9998,0.4273,5000,2
orthogonal_loss_learner_splitting.py,data/train_5000_2.pkl,data/test_5000_2.pkl,2,0.7633,12.6858,0.4729,5000,2
stupid_loss_learner.py,data/train_5000_2.pkl,data/test_5000_2.pkl,0,0.7513,19.7586,0.513,5000,2
log_loss_learner.py,data/train_5000_2.pkl,data/test_5000_2.pkl,2,0.7707,20.1224,0.427,5000,2
nonorthogonal_loss_learner.py,data/train_5000_2.pkl,data/test_5000_2.pkl,0,0.7723,13.1807,0.4234,5000,2
nonorthogonal_loss_learner.py,data/train_5000_2.pkl,data/test_5000_2.pkl,1,0.7627,13.3857,0.4446,5000,2
log_loss_learner.py,data/train_5000_2.pkl,data/test_5000_2.pkl,1,0.7677,20.079,0.4327,5000,2
orthogonal_loss_learner_splitting.py,data/train_5000_2.pkl,data/test_5000_2.pkl,1,0.766,12.4804,0.4593,5000,2
stupid_loss_learner.py,data/train_5000_2.pkl,data/test_5000_2.pkl,2,0.7457,19.7909,0.5383,5000,2
nonorthogonal_loss_learner.py,data/train_5000_2.pkl,data/test_5000_2.pkl,2,0.765,12.83,0.4614,5000,2
stupid_loss_learner.py,data/train_5000_2.pkl,data/test_5000_2.pkl,1,0.7533,19.6094,0.5077,5000,2
orthogonal_loss_learner_splitting.py,data/train_5000_2.pkl,data/test_5000_2.pkl,0,0.7673,12.255,0.4544,5000,2
orthogonal_loss_learner_ybyt.py,data/train_5000_2.pkl,data/test_5000_2.pkl,0,0.7783,11.1297,0.4101,5000,2
orthogonal_loss_learner.py,data/train_5000_2.pkl,data/test_5000_2.pkl,1,0.775,11.5625,0.3983,5000,2
orthogonal_loss_learner_ybyt.py,data/train_5000_2.pkl,data/test_5000_2.pkl,2,0.7737,11.5845,0.413,5000,2
orthogonal_loss_learner.py,data/train_5000_2.pkl,data/test_5000_2.pkl,2,0.774,11.7282,0.4125,5000,2
orthogonal_loss_learner_ybyt.py,data/train_5000_2.pkl,data/test_5000_2.pkl,1,0.773,11.3184,0.4162,5000,2
orthogonal_loss_learner.py,data/train_5000_2.pkl,data/test_5000_2.pkl,0,0.7763,11.6542,0.3937,5000,2
orthogonal_loss_learner_splitting.py,data/train_5000_1.pkl,data/test_5000_1.pkl,0,0.716,6.2654,0.3399,5000,1
stupid_loss_learner.py,data/train_5000_1.pkl,data/test_5000_1.pkl,0,0.7013,8.6254,0.3715,5000,1
stupid_loss_learner.py,data/train_5000_1.pkl,data/test_5000_1.pkl,1,0.706,8.5056,0.3633,5000,1
nonorthogonal_loss_learner.py,data/train_5000_1.pkl,data/test_5000_1.pkl,1,0.7173,6.5687,0.3298,5000,1
orthogonal_loss_learner_splitting.py,data/train_5000_1.pkl,data/test_5000_1.pkl,2,0.7203,6.2148,0.3169,5000,1
nonorthogonal_loss_learner.py,data/train_5000_1.pkl,data/test_5000_1.pkl,2,0.7147,6.6196,0.337,5000,1
stupid_loss_learner.py,data/train_5000_1.pkl,data/test_5000_1.pkl,2,0.7027,8.1755,0.3789,5000,1
log_loss_learner.py,data/train_5000_1.pkl,data/test_5000_1.pkl,1,0.7207,8.8197,0.3144,5000,1
orthogonal_loss_learner_splitting.py,data/train_5000_1.pkl,data/test_5000_1.pkl,1,0.7203,6.1457,0.316,5000,1
log_loss_learner.py,data/train_5000_1.pkl,data/test_5000_1.pkl,0,0.7253,8.7247,0.2964,5000,1
log_loss_learner.py,data/train_5000_1.pkl,data/test_5000_1.pkl,2,0.729,8.5935,0.2856,5000,1
nonorthogonal_loss_learner.py,data/train_5000_1.pkl,data/test_5000_1.pkl,0,0.7127,7.1104,0.3479,5000,1
orthogonal_loss_learner_ybyt.py,data/train_5000_1.pkl,data/test_5000_1.pkl,0,0.7223,5.8841,0.3039,5000,1
orthogonal_loss_learner.py,data/train_5000_1.pkl,data/test_5000_1.pkl,2,0.734,5.5993,0.2786,5000,1
orthogonal_loss_learner_ybyt.py,data/train_5000_1.pkl,data/test_5000_1.pkl,2,0.729,5.7795,0.2926,5000,1
orthogonal_loss_learner_ybyt.py,data/train_5000_1.pkl,data/test_5000_1.pkl,1,0.736,5.676,0.2782,5000,1
orthogonal_loss_learner.py,data/train_5000_1.pkl,data/test_5000_1.pkl,0,0.7293,5.8995,0.2906,5000,1
orthogonal_loss_learner.py,data/train_5000_1.pkl,data/test_5000_1.pkl,1,0.7297,6.1595,0.2896,5000,1
log_loss_learner.py,data/train_5000_0.pkl,data/test_5000_0.pkl,0,0.6853,10.4987,0.5134,5000,0
nonorthogonal_loss_learner.py,data/train_5000_0.pkl,data/test_5000_0.pkl,1,0.688,8.993,0.5023,5000,0
stupid_loss_learner.py,data/train_5000_0.pkl,data/test_5000_0.pkl,0,0.6773,10.1563,0.5545,5000,0
orthogonal_loss_learner_splitting.py,data/train_5000_0.pkl,data/test_5000_0.pkl,2,0.6757,8.8992,0.5614,5000,0
nonorthogonal_loss_learner.py,data/train_5000_0.pkl,data/test_5000_0.pkl,0,0.684,8.7531,0.5179,5000,0
stupid_loss_learner.py,data/train_5000_0.pkl,data/test_5000_0.pkl,2,0.6767,10.1308,0.5486,5000,0
stupid_loss_learner.py,data/train_5000_0.pkl,data/test_5000_0.pkl,1,0.6807,9.9947,0.5312,5000,0
nonorthogonal_loss_learner.py,data/train_5000_0.pkl,data/test_5000_0.pkl,2,0.686,8.8808,0.5374,5000,0
orthogonal_loss_learner_splitting.py,data/train_5000_0.pkl,data/test_5000_0.pkl,1,0.6797,8.8059,0.5468,5000,0
log_loss_learner.py,data/train_5000_0.pkl,data/test_5000_0.pkl,2,0.6847,10.4138,0.5149,5000,0
log_loss_learner.py,data/train_5000_0.pkl,data/test_5000_0.pkl,1,0.687,10.4368,0.5299,5000,0
orthogonal_loss_learner_splitting.py,data/train_5000_0.pkl,data/test_5000_0.pkl,0,0.6757,8.7879,0.5476,5000,0
orthogonal_loss_learner.py,data/train_5000_0.pkl,data/test_5000_0.pkl,2,0.6967,8.3704,0.483,5000,0
orthogonal_loss_learner.py,data/train_5000_0.pkl,data/test_5000_0.pkl,0,0.695,8.4083,0.4973,5000,0
orthogonal_loss_learner.py,data/train_5000_0.pkl,data/test_5000_0.pkl,1,0.6963,8.5649,0.4927,5000,0
orthogonal_loss_learner_ybyt.py,data/train_5000_0.pkl,data/test_5000_0.pkl,1,0.695,8.3309,0.4935,5000,0
orthogonal_loss_learner_ybyt.py,data/train_5000_0.pkl,data/test_5000_0.pkl,2,0.699,8.1391,0.4694,5000,0
orthogonal_loss_learner_ybyt.py,data/train_5000_0.pkl,data/test_5000_0.pkl,0,0.7053,7.982,0.4618,5000,0
log_loss_learner.py,data/train_5000_4.pkl,data/test_5000_4.pkl,0,0.8,28.0077,0.3828,5000,4
nonorthogonal_loss_learner.py,data/train_5000_4.pkl,data/test_5000_4.pkl,0,0.79,17.3546,0.4283,5000,4
log_loss_learner.py,data/train_5000_4.pkl,data/test_5000_4.pkl,1,0.7943,28.1987,0.3959,5000,4
nonorthogonal_loss_learner.py,data/train_5000_4.pkl,data/test_5000_4.pkl,1,0.7963,17.4548,0.3941,5000,4
stupid_loss_learner.py,data/train_5000_4.pkl,data/test_5000_4.pkl,0,0.793,23.3317,0.4183,5000,4
nonorthogonal_loss_learner.py,data/train_5000_4.pkl,data/test_5000_4.pkl,2,0.794,16.8173,0.4253,5000,4
stupid_loss_learner.py,data/train_5000_4.pkl,data/test_5000_4.pkl,2,0.7867,23.1431,0.4298,5000,4
stupid_loss_learner.py,data/train_5000_4.pkl,data/test_5000_4.pkl,1,0.7847,23.796,0.4575,5000,4
log_loss_learner.py,data/train_5000_4.pkl,data/test_5000_4.pkl,2,0.8017,27.9549,0.3847,5000,4
orthogonal_loss_learner_splitting.py,data/train_5000_4.pkl,data/test_5000_4.pkl,1,0.797,13.8543,0.3924,5000,4
orthogonal_loss_learner_splitting.py,data/train_5000_4.pkl,data/test_5000_4.pkl,2,0.7963,14.4841,0.3985,5000,4
orthogonal_loss_learner_splitting.py,data/train_5000_4.pkl,data/test_5000_4.pkl,0,0.7997,13.487,0.3896,5000,4
orthogonal_loss_learner.py,data/train_5000_4.pkl,data/test_5000_4.pkl,1,0.8053,12.9849,0.3768,5000,4
orthogonal_loss_learner_ybyt.py,data/train_5000_4.pkl,data/test_5000_4.pkl,1,0.7993,12.8743,0.3934,5000,4
orthogonal_loss_learner_ybyt.py,data/train_5000_4.pkl,data/test_5000_4.pkl,2,0.801,12.5945,0.3725,5000,4
orthogonal_loss_learner.py,data/train_5000_4.pkl,data/test_5000_4.pkl,0,0.7993,12.9154,0.3724,5000,4
orthogonal_loss_learner.py,data/train_5000_4.pkl,data/test_5000_4.pkl,2,0.8083,12.6214,0.3599,5000,4
orthogonal_loss_learner_ybyt.py,data/train_5000_4.pkl,data/test_5000_4.pkl,0,0.7987,12.6471,0.3754,5000,4
stupid_loss_learner.py,data/train_5000_3.pkl,data/test_5000_3.pkl,2,0.7397,17.5539,0.5168,5000,3
log_loss_learner.py,data/train_5000_3.pkl,data/test_5000_3.pkl,0,0.7677,18.7789,0.3908,5000,3
nonorthogonal_loss_learner.py,data/train_5000_3.pkl,data/test_5000_3.pkl,0,0.7533,13.5483,0.4651,5000,3
stupid_loss_learner.py,data/train_5000_3.pkl,data/test_5000_3.pkl,0,0.7333,18.0364,0.5456,5000,3
log_loss_learner.py,data/train_5000_3.pkl,data/test_5000_3.pkl,2,0.7587,18.9068,0.426,5000,3
stupid_loss_learner.py,data/train_5000_3.pkl,data/test_5000_3.pkl,1,0.7403,18.5257,0.5199,5000,3
nonorthogonal_loss_learner.py,data/train_5000_3.pkl,data/test_5000_3.pkl,1,0.7587,12.7463,0.4329,5000,3
nonorthogonal_loss_learner.py,data/train_5000_3.pkl,data/test_5000_3.pkl,2,0.7537,12.8188,0.4466,5000,3
orthogonal_loss_learner_splitting.py,data/train_5000_3.pkl,data/test_5000_3.pkl,1,0.7603,11.364,0.4197,5000,3
orthogonal_loss_learner_splitting.py,data/train_5000_3.pkl,data/test_5000_3.pkl,2,0.753,11.8872,0.4636,5000,3
orthogonal_loss_learner_splitting.py,data/train_5000_3.pkl,data/test_5000_3.pkl,0,0.7537,11.8932,0.4446,5000,3
log_loss_learner.py,data/train_5000_3.pkl,data/test_5000_3.pkl,1,0.7683,18.7821,0.3787,5000,3
orthogonal_loss_learner.py,data/train_5000_3.pkl,data/test_5000_3.pkl,2,0.767,10.3785,0.3838,5000,3
orthogonal_loss_learner.py,data/train_5000_3.pkl,data/test_5000_3.pkl,0,0.769,10.7654,0.3903,5000,3
orthogonal_loss_learner.py,data/train_5000_3.pkl,data/test_5000_3.pkl,1,0.767,10.7174,0.3762,5000,3
orthogonal_loss_learner_ybyt.py,data/train_5000_3.pkl,data/test_5000_3.pkl,2,0.7693,10.3958,0.3805,5000,3
orthogonal_loss_learner_ybyt.py,data/train_5000_3.pkl,data/test_5000_3.pkl,1,0.757,11.0449,0.4169,5000,3
orthogonal_loss_learner_ybyt.py,data/train_5000_3.pkl,data/test_5000_3.pkl,0,0.7687,10.6093,0.3774,5000,3
log_loss_learner.py,data/train_7000_2.pkl,data/test_7000_2.pkl,0,0.7803,19.9087,0.3941,7000,2
log_loss_learner.py,data/train_7000_2.pkl,data/test_7000_2.pkl,1,0.7857,19.8801,0.3937,7000,2
orthogonal_loss_learner_splitting.py,data/train_7000_2.pkl,data/test_7000_2.pkl,2,0.774,11.6355,0.4338,7000,2
stupid_loss_learner.py,data/train_7000_2.pkl,data/test_7000_2.pkl,1,0.7583,18.7046,0.4808,7000,2
nonorthogonal_loss_learner.py,data/train_7000_2.pkl,data/test_7000_2.pkl,2,0.781,12.7377,0.415,7000,2
orthogonal_loss_learner_splitting.py,data/train_7000_2.pkl,data/test_7000_2.pkl,0,0.7717,11.6077,0.4268,7000,2
log_loss_learner.py,data/train_7000_2.pkl,data/test_7000_2.pkl,2,0.7793,19.8169,0.4232,7000,2
stupid_loss_learner.py,data/train_7000_2.pkl,data/test_7000_2.pkl,0,0.765,18.0521,0.4664,7000,2
nonorthogonal_loss_learner.py,data/train_7000_2.pkl,data/test_7000_2.pkl,1,0.7763,12.995,0.4205,7000,2
stupid_loss_learner.py,data/train_7000_2.pkl,data/test_7000_2.pkl,2,0.7703,17.5333,0.4471,7000,2
nonorthogonal_loss_learner.py,data/train_7000_2.pkl,data/test_7000_2.pkl,0,0.7713,12.4694,0.429,7000,2
orthogonal_loss_learner_splitting.py,data/train_7000_2.pkl,data/test_7000_2.pkl,1,0.7697,11.7876,0.454,7000,2
orthogonal_loss_learner_ybyt.py,data/train_7000_2.pkl,data/test_7000_2.pkl,1,0.783,10.906,0.3957,7000,2
orthogonal_loss_learner_ybyt.py,data/train_7000_2.pkl,data/test_7000_2.pkl,0,0.7907,10.4721,0.3832,7000,2
orthogonal_loss_learner.py,data/train_7000_2.pkl,data/test_7000_2.pkl,1,0.7907,10.9816,0.375,7000,2
orthogonal_loss_learner_ybyt.py,data/train_7000_2.pkl,data/test_7000_2.pkl,2,0.7843,10.568,0.3939,7000,2
orthogonal_loss_learner.py,data/train_7000_2.pkl,data/test_7000_2.pkl,2,0.7863,10.6778,0.3762,7000,2
orthogonal_loss_learner.py,data/train_7000_2.pkl,data/test_7000_2.pkl,0,0.7907,11.5658,0.3781,7000,2
stupid_loss_learner.py,data/train_7000_1.pkl,data/test_7000_1.pkl,2,0.7237,8.1199,0.3429,7000,1
orthogonal_loss_learner_splitting.py,data/train_7000_1.pkl,data/test_7000_1.pkl,1,0.7237,5.9794,0.3148,7000,1
orthogonal_loss_learner_splitting.py,data/train_7000_1.pkl,data/test_7000_1.pkl,2,0.7263,6.0297,0.3255,7000,1
stupid_loss_learner.py,data/train_7000_1.pkl,data/test_7000_1.pkl,1,0.709,8.238,0.3621,7000,1
nonorthogonal_loss_learner.py,data/train_7000_1.pkl,data/test_7000_1.pkl,2,0.719,6.6515,0.3448,7000,1
nonorthogonal_loss_learner.py,data/train_7000_1.pkl,data/test_7000_1.pkl,1,0.7197,6.4442,0.3355,7000,1
orthogonal_loss_learner_splitting.py,data/train_7000_1.pkl,data/test_7000_1.pkl,0,0.7297,5.9737,0.3073,7000,1
stupid_loss_learner.py,data/train_7000_1.pkl,data/test_7000_1.pkl,0,0.7113,8.2266,0.3813,7000,1
nonorthogonal_loss_learner.py,data/train_7000_1.pkl,data/test_7000_1.pkl,0,0.7247,6.432,0.3257,7000,1
log_loss_learner.py,data/train_7000_1.pkl,data/test_7000_1.pkl,2,0.729,8.5531,0.2873,7000,1
log_loss_learner.py,data/train_7000_1.pkl,data/test_7000_1.pkl,0,0.734,8.6052,0.2861,7000,1
log_loss_learner.py,data/train_7000_1.pkl,data/test_7000_1.pkl,1,0.7293,8.625,0.301,7000,1
orthogonal_loss_learner.py,data/train_7000_1.pkl,data/test_7000_1.pkl,2,0.731,5.6556,0.2775,7000,1
orthogonal_loss_learner.py,data/train_7000_1.pkl,data/test_7000_1.pkl,0,0.727,5.7526,0.2901,7000,1
orthogonal_loss_learner_ybyt.py,data/train_7000_1.pkl,data/test_7000_1.pkl,0,0.7337,5.6976,0.2847,7000,1
orthogonal_loss_learner_ybyt.py,data/train_7000_1.pkl,data/test_7000_1.pkl,1,0.7333,5.5369,0.2818,7000,1
orthogonal_loss_learner_ybyt.py,data/train_7000_1.pkl,data/test_7000_1.pkl,2,0.735,5.5455,0.2689,7000,1
orthogonal_loss_learner.py,data/train_7000_1.pkl,data/test_7000_1.pkl,1,0.7427,5.4244,0.268,7000,1
nonorthogonal_loss_learner.py,data/train_7000_4.pkl,data/test_7000_4.pkl,0,0.8003,15.2251,0.3762,7000,4
orthogonal_loss_learner_splitting.py,data/train_7000_4.pkl,data/test_7000_4.pkl,2,0.7967,13.7538,0.399,7000,4
log_loss_learner.py,data/train_7000_4.pkl,data/test_7000_4.pkl,0,0.795,27.6496,0.3941,7000,4
stupid_loss_learner.py,data/train_7000_4.pkl,data/test_7000_4.pkl,0,0.7773,24.1242,0.4784,7000,4
orthogonal_loss_learner_splitting.py,data/train_7000_4.pkl,data/test_7000_4.pkl,0,0.8063,13.9685,0.3638,7000,4
nonorthogonal_loss_learner.py,data/train_7000_4.pkl,data/test_7000_4.pkl,1,0.7983,15.6033,0.3963,7000,4
stupid_loss_learner.py,data/train_7000_4.pkl,data/test_7000_4.pkl,2,0.7843,24.3939,0.4566,7000,4
stupid_loss_learner.py,data/train_7000_4.pkl,data/test_7000_4.pkl,1,0.7867,24.9109,0.454,7000,4
nonorthogonal_loss_learner.py,data/train_7000_4.pkl,data/test_7000_4.pkl,2,0.7997,17.6051,0.3964,7000,4
orthogonal_loss_learner_splitting.py,data/train_7000_4.pkl,data/test_7000_4.pkl,1,0.7957,13.2801,0.3904,7000,4
log_loss_learner.py,data/train_7000_4.pkl,data/test_7000_4.pkl,2,0.8023,27.7322,0.3753,7000,4
log_loss_learner.py,data/train_7000_4.pkl,data/test_7000_4.pkl,1,0.799,27.7441,0.3815,7000,4
orthogonal_loss_learner.py,data/train_7000_4.pkl,data/test_7000_4.pkl,2,0.8057,12.9419,0.3699,7000,4
orthogonal_loss_learner_ybyt.py,data/train_7000_4.pkl,data/test_7000_4.pkl,2,0.8093,11.9249,0.3365,7000,4
orthogonal_loss_learner_ybyt.py,data/train_7000_4.pkl,data/test_7000_4.pkl,0,0.809,12.4477,0.3523,7000,4
orthogonal_loss_learner.py,data/train_7000_4.pkl,data/test_7000_4.pkl,0,0.803,12.3503,0.3704,7000,4
orthogonal_loss_learner_ybyt.py,data/train_7000_4.pkl,data/test_7000_4.pkl,1,0.804,12.2736,0.3636,7000,4
orthogonal_loss_learner.py,data/train_7000_4.pkl,data/test_7000_4.pkl,1,0.8043,12.3846,0.3677,7000,4
stupid_loss_learner.py,data/train_7000_3.pkl,data/test_7000_3.pkl,1,0.7473,17.1436,0.4491,7000,3
stupid_loss_learner.py,data/train_7000_3.pkl,data/test_7000_3.pkl,2,0.7553,17.27,0.4407,7000,3
orthogonal_loss_learner_splitting.py,data/train_7000_3.pkl,data/test_7000_3.pkl,2,0.7637,10.7528,0.3967,7000,3
nonorthogonal_loss_learner.py,data/train_7000_3.pkl,data/test_7000_3.pkl,1,0.7647,12.9964,0.3851,7000,3
nonorthogonal_loss_learner.py,data/train_7000_3.pkl,data/test_7000_3.pkl,0,0.7627,12.8697,0.3938,7000,3
log_loss_learner.py,data/train_7000_3.pkl,data/test_7000_3.pkl,2,0.7623,18.7628,0.3839,7000,3
stupid_loss_learner.py,data/train_7000_3.pkl,data/test_7000_3.pkl,0,0.7557,17.047,0.4035,7000,3
orthogonal_loss_learner_splitting.py,data/train_7000_3.pkl,data/test_7000_3.pkl,1,0.7633,11.0628,0.3895,7000,3
orthogonal_loss_learner_splitting.py,data/train_7000_3.pkl,data/test_7000_3.pkl,0,0.762,11.2945,0.4091,7000,3
nonorthogonal_loss_learner.py,data/train_7000_3.pkl,data/test_7000_3.pkl,2,0.761,12.5658,0.4207,7000,3
log_loss_learner.py,data/train_7000_3.pkl,data/test_7000_3.pkl,0,0.7717,18.7487,0.3744,7000,3
log_loss_learner.py,data/train_7000_3.pkl,data/test_7000_3.pkl,1,0.7787,18.6838,0.3425,7000,3
orthogonal_loss_learner_ybyt.py,data/train_7000_3.pkl,data/test_7000_3.pkl,0,0.7773,10.1785,0.3575,7000,3
orthogonal_loss_learner.py,data/train_7000_3.pkl,data/test_7000_3.pkl,2,0.78,10.3602,0.3294,7000,3
orthogonal_loss_learner.py,data/train_7000_3.pkl,data/test_7000_3.pkl,0,0.783,9.7767,0.3278,7000,3
orthogonal_loss_learner_ybyt.py,data/train_7000_3.pkl,data/test_7000_3.pkl,1,0.7707,10.0559,0.3609,7000,3
orthogonal_loss_learner.py,data/train_7000_3.pkl,data/test_7000_3.pkl,1,0.774,10.5978,0.3636,7000,3
orthogonal_loss_learner_ybyt.py,data/train_7000_3.pkl,data/test_7000_3.pkl,2,0.7777,9.9557,0.3518,7000,3
stupid_loss_learner.py,data/train_7000_0.pkl,data/test_7000_0.pkl,1,0.6803,9.9206,0.5236,7000,0
log_loss_learner.py,data/train_7000_0.pkl,data/test_7000_0.pkl,1,0.689,10.4477,0.4681,7000,0
nonorthogonal_loss_learner.py,data/train_7000_0.pkl,data/test_7000_0.pkl,0,0.6803,8.5675,0.503,7000,0
nonorthogonal_loss_learner.py,data/train_7000_0.pkl,data/test_7000_0.pkl,2,0.683,8.7026,0.4928,7000,0
stupid_loss_learner.py,data/train_7000_0.pkl,data/test_7000_0.pkl,2,0.6703,9.9903,0.5668,7000,0
stupid_loss_learner.py,data/train_7000_0.pkl,data/test_7000_0.pkl,0,0.6733,9.9552,0.5559,7000,0
orthogonal_loss_learner_splitting.py,data/train_7000_0.pkl,data/test_7000_0.pkl,1,0.683,8.557,0.5052,7000,0
log_loss_learner.py,data/train_7000_0.pkl,data/test_7000_0.pkl,0,0.6917,10.4111,0.4709,7000,0
orthogonal_loss_learner_splitting.py,data/train_7000_0.pkl,data/test_7000_0.pkl,0,0.6867,8.4554,0.5136,7000,0
nonorthogonal_loss_learner.py,data/train_7000_0.pkl,data/test_7000_0.pkl,1,0.686,8.512,0.4814,7000,0
orthogonal_loss_learner_splitting.py,data/train_7000_0.pkl,data/test_7000_0.pkl,2,0.6787,8.3422,0.5082,7000,0
log_loss_learner.py,data/train_7000_0.pkl,data/test_7000_0.pkl,2,0.6867,10.5366,0.4857,7000,0
orthogonal_loss_learner_ybyt.py,data/train_7000_0.pkl,data/test_7000_0.pkl,1,0.6963,7.7243,0.4435,7000,0
orthogonal_loss_learner.py,data/train_7000_0.pkl,data/test_7000_0.pkl,1,0.6883,8.1509,0.477,7000,0
orthogonal_loss_learner_ybyt.py,data/train_7000_0.pkl,data/test_7000_0.pkl,0,0.6987,7.7879,0.4435,7000,0
orthogonal_loss_learner.py,data/train_7000_0.pkl,data/test_7000_0.pkl,2,0.6973,8.1662,0.4387,7000,0
orthogonal_loss_learner.py,data/train_7000_0.pkl,data/test_7000_0.pkl,0,0.6907,8.1852,0.4707,7000,0
orthogonal_loss_learner_ybyt.py,data/train_7000_0.pkl,data/test_7000_0.pkl,2,0.7023,7.863,0.4144,7000,0
nonorthogonal_loss_learner.py,data/train_9000_2.pkl,data/test_9000_2.pkl,1,0.7703,12.5324,0.419,9000,2
nonorthogonal_loss_learner.py,data/train_9000_2.pkl,data/test_9000_2.pkl,2,0.772,12.2249,0.4219,9000,2
stupid_loss_learner.py,data/train_9000_2.pkl,data/test_9000_2.pkl,2,0.7723,16.6884,0.4255,9000,2
orthogonal_loss_learner_splitting.py,data/train_9000_2.pkl,data/test_9000_2.pkl,2,0.7747,11.6205,0.4166,9000,2
orthogonal_loss_learner_splitting.py,data/train_9000_2.pkl,data/test_9000_2.pkl,0,0.7777,11.5498,0.4011,9000,2
orthogonal_loss_learner_splitting.py,data/train_9000_2.pkl,data/test_9000_2.pkl,1,0.7763,11.5768,0.3985,9000,2
stupid_loss_learner.py,data/train_9000_2.pkl,data/test_9000_2.pkl,1,0.77,17.0518,0.453,9000,2
nonorthogonal_loss_learner.py,data/train_9000_2.pkl,data/test_9000_2.pkl,0,0.7703,13.9973,0.424,9000,2
stupid_loss_learner.py,data/train_9000_2.pkl,data/test_9000_2.pkl,0,0.7687,16.7668,0.4465,9000,2
log_loss_learner.py,data/train_9000_2.pkl,data/test_9000_2.pkl,2,0.7793,19.8294,0.3951,9000,2
log_loss_learner.py,data/train_9000_2.pkl,data/test_9000_2.pkl,1,0.7843,19.9218,0.3805,9000,2
log_loss_learner.py,data/train_9000_2.pkl,data/test_9000_2.pkl,0,0.7797,20.0151,0.3904,9000,2
orthogonal_loss_learner.py,data/train_9000_2.pkl,data/test_9000_2.pkl,1,0.7893,10.8929,0.3591,9000,2
orthogonal_loss_learner.py,data/train_9000_2.pkl,data/test_9000_2.pkl,2,0.7817,10.9114,0.3805,9000,2
orthogonal_loss_learner.py,data/train_9000_2.pkl,data/test_9000_2.pkl,0,0.79,11.2621,0.3538,9000,2
orthogonal_loss_learner_ybyt.py,data/train_9000_2.pkl,data/test_9000_2.pkl,0,0.7787,10.688,0.3854,9000,2
orthogonal_loss_learner_ybyt.py,data/train_9000_2.pkl,data/test_9000_2.pkl,2,0.7877,10.5153,0.3543,9000,2
orthogonal_loss_learner_ybyt.py,data/train_9000_2.pkl,data/test_9000_2.pkl,1,0.7807,10.5091,0.3759,9000,2
log_loss_learner.py,data/train_9000_1.pkl,data/test_9000_1.pkl,2,0.7333,8.4496,0.2825,9000,1
log_loss_learner.py,data/train_9000_1.pkl,data/test_9000_1.pkl,1,0.74,8.4763,0.2809,9000,1
nonorthogonal_loss_learner.py,data/train_9000_1.pkl,data/test_9000_1.pkl,0,0.736,6.1292,0.2952,9000,1
stupid_loss_learner.py,data/train_9000_1.pkl,data/test_9000_1.pkl,0,0.7243,8.2982,0.3144,9000,1
orthogonal_loss_learner_splitting.py,data/train_9000_1.pkl,data/test_9000_1.pkl,0,0.7297,5.9644,0.3011,9000,1
stupid_loss_learner.py,data/train_9000_1.pkl,data/test_9000_1.pkl,1,0.7257,8.1514,0.3174,9000,1
stupid_loss_learner.py,data/train_9000_1.pkl,data/test_9000_1.pkl,2,0.7363,8.0172,0.293,9000,1
orthogonal_loss_learner_splitting.py,data/train_9000_1.pkl,data/test_9000_1.pkl,2,0.7363,5.9401,0.2982,9000,1
nonorthogonal_loss_learner.py,data/train_9000_1.pkl,data/test_9000_1.pkl,1,0.728,6.2518,0.3106,9000,1
nonorthogonal_loss_learner.py,data/train_9000_1.pkl,data/test_9000_1.pkl,2,0.7333,6.0233,0.2897,9000,1
orthogonal_loss_learner_splitting.py,data/train_9000_1.pkl,data/test_9000_1.pkl,1,0.7347,5.8009,0.2981,9000,1
log_loss_learner.py,data/train_9000_1.pkl,data/test_9000_1.pkl,0,0.7363,8.3731,0.283,9000,1
orthogonal_loss_learner_ybyt.py,data/train_9000_1.pkl,data/test_9000_1.pkl,2,0.741,5.3233,0.2669,9000,1
orthogonal_loss_learner.py,data/train_9000_1.pkl,data/test_9000_1.pkl,2,0.7493,5.4803,0.2513,9000,1
orthogonal_loss_learner_ybyt.py,data/train_9000_1.pkl,data/test_9000_1.pkl,0,0.75,5.3065,0.2509,9000,1
orthogonal_loss_learner.py,data/train_9000_1.pkl,data/test_9000_1.pkl,0,0.7463,5.3157,0.2514,9000,1
orthogonal_loss_learner_ybyt.py,data/train_9000_1.pkl,data/test_9000_1.pkl,1,0.751,5.2135,0.2507,9000,1
orthogonal_loss_learner.py,data/train_9000_1.pkl,data/test_9000_1.pkl,1,0.744,5.6394,0.2527,9000,1
nonorthogonal_loss_learner.py,data/train_9000_0.pkl,data/test_9000_0.pkl,2,0.692,8.4834,0.4983,9000,0
log_loss_learner.py,data/train_9000_0.pkl,data/test_9000_0.pkl,2,0.7083,10.3857,0.4338,9000,0
orthogonal_loss_learner_splitting.py,data/train_9000_0.pkl,data/test_9000_0.pkl,0,0.6967,8.2395,0.4668,9000,0
log_loss_learner.py,data/train_9000_0.pkl,data/test_9000_0.pkl,0,0.7003,10.464,0.4704,9000,0
log_loss_learner.py,data/train_9000_0.pkl,data/test_9000_0.pkl,1,0.702,10.3516,0.4507,9000,0
stupid_loss_learner.py,data/train_9000_0.pkl,data/test_9000_0.pkl,1,0.6833,10.2076,0.5334,9000,0
stupid_loss_learner.py,data/train_9000_0.pkl,data/test_9000_0.pkl,0,0.6873,10.195,0.5259,9000,0
nonorthogonal_loss_learner.py,data/train_9000_0.pkl,data/test_9000_0.pkl,1,0.7053,8.3037,0.4412,9000,0
nonorthogonal_loss_learner.py,data/train_9000_0.pkl,data/test_9000_0.pkl,0,0.6983,8.4965,0.457,9000,0
stupid_loss_learner.py,data/train_9000_0.pkl,data/test_9000_0.pkl,2,0.6773,10.264,0.5295,9000,0
orthogonal_loss_learner_splitting.py,data/train_9000_0.pkl,data/test_9000_0.pkl,1,0.6963,8.2027,0.4917,9000,0
orthogonal_loss_learner_splitting.py,data/train_9000_0.pkl,data/test_9000_0.pkl,2,0.683,8.5363,0.5304,9000,0
orthogonal_loss_learner.py,data/train_9000_0.pkl,data/test_9000_0.pkl,0,0.713,7.5699,0.4086,9000,0
orthogonal_loss_learner_ybyt.py,data/train_9000_0.pkl,data/test_9000_0.pkl,1,0.7133,7.4638,0.4054,9000,0
orthogonal_loss_learner_ybyt.py,data/train_9000_0.pkl,data/test_9000_0.pkl,0,0.7307,7.4665,0.3805,9000,0
orthogonal_loss_learner.py,data/train_9000_0.pkl,data/test_9000_0.pkl,1,0.7187,7.3539,0.3895,9000,0
orthogonal_loss_learner.py,data/train_9000_0.pkl,data/test_9000_0.pkl,2,0.712,7.5976,0.4072,9000,0
orthogonal_loss_learner_ybyt.py,data/train_9000_0.pkl,data/test_9000_0.pkl,2,0.7283,7.3144,0.3683,9000,0
nonorthogonal_loss_learner.py,data/train_9000_4.pkl,data/test_9000_4.pkl,0,0.8063,13.4157,0.3779,9000,4
stupid_loss_learner.py,data/train_9000_4.pkl,data/test_9000_4.pkl,0,0.805,22.0687,0.3926,9000,4
stupid_loss_learner.py,data/train_9000_4.pkl,data/test_9000_4.pkl,1,0.796,22.0917,0.4167,9000,4
orthogonal_loss_learner_splitting.py,data/train_9000_4.pkl,data/test_9000_4.pkl,0,0.8013,13.0594,0.3923,9000,4
log_loss_learner.py,data/train_9000_4.pkl,data/test_9000_4.pkl,1,0.801,27.4672,0.3904,9000,4
nonorthogonal_loss_learner.py,data/train_9000_4.pkl,data/test_9000_4.pkl,1,0.8003,14.8514,0.3844,9000,4
stupid_loss_learner.py,data/train_9000_4.pkl,data/test_9000_4.pkl,2,0.798,22.4815,0.4144,9000,4
nonorthogonal_loss_learner.py,data/train_9000_4.pkl,data/test_9000_4.pkl,2,0.8007,13.9724,0.4009,9000,4
orthogonal_loss_learner_splitting.py,data/train_9000_4.pkl,data/test_9000_4.pkl,2,0.7973,13.1352,0.4069,9000,4
orthogonal_loss_learner_splitting.py,data/train_9000_4.pkl,data/test_9000_4.pkl,1,0.8037,12.9166,0.3976,9000,4
log_loss_learner.py,data/train_9000_4.pkl,data/test_9000_4.pkl,2,0.808,27.3671,0.3678,9000,4
log_loss_learner.py,data/train_9000_4.pkl,data/test_9000_4.pkl,0,0.8017,27.3104,0.3897,9000,4
orthogonal_loss_learner.py,data/train_9000_4.pkl,data/test_9000_4.pkl,1,0.8107,12.427,0.344,9000,4
orthogonal_loss_learner.py,data/train_9000_4.pkl,data/test_9000_4.pkl,2,0.8153,12.8937,0.342,9000,4
orthogonal_loss_learner_ybyt.py,data/train_9000_4.pkl,data/test_9000_4.pkl,0,0.8047,12.0107,0.3676,9000,4
orthogonal_loss_learner_ybyt.py,data/train_9000_4.pkl,data/test_9000_4.pkl,2,0.8027,12.3996,0.377,9000,4
orthogonal_loss_learner.py,data/train_9000_4.pkl,data/test_9000_4.pkl,0,0.805,12.5428,0.3643,9000,4
orthogonal_loss_learner_ybyt.py,data/train_9000_4.pkl,data/test_9000_4.pkl,1,0.8007,12.2793,0.3845,9000,4
nonorthogonal_loss_learner.py,data/train_10000_0.pkl,data/test_10000_0.pkl,0,0.7013,8.3732,0.4761,10000,0
orthogonal_loss_learner_splitting.py,data/train_10000_0.pkl,data/test_10000_0.pkl,2,0.6933,8.3053,0.4975,10000,0
nonorthogonal_loss_learner.py,data/train_10000_0.pkl,data/test_10000_0.pkl,2,0.696,8.3677,0.4809,10000,0
stupid_loss_learner.py,data/train_10000_0.pkl,data/test_10000_0.pkl,0,0.6673,10.164,0.5945,10000,0
log_loss_learner.py,data/train_10000_0.pkl,data/test_10000_0.pkl,0,0.706,10.2483,0.4329,10000,0
log_loss_learner.py,data/train_10000_0.pkl,data/test_10000_0.pkl,1,0.6997,10.3404,0.4774,10000,0
log_loss_learner.py,data/train_10000_0.pkl,data/test_10000_0.pkl,2,0.7143,10.3171,0.4269,10000,0
orthogonal_loss_learner_splitting.py,data/train_10000_0.pkl,data/test_10000_0.pkl,0,0.6943,8.2751,0.4944,10000,0
orthogonal_loss_learner_splitting.py,data/train_10000_0.pkl,data/test_10000_0.pkl,1,0.7027,8.0184,0.4584,10000,0
stupid_loss_learner.py,data/train_10000_0.pkl,data/test_10000_0.pkl,2,0.665,10.2891,0.6142,10000,0
nonorthogonal_loss_learner.py,data/train_10000_0.pkl,data/test_10000_0.pkl,1,0.6883,8.7281,0.5084,10000,0
stupid_loss_learner.py,data/train_10000_0.pkl,data/test_10000_0.pkl,1,0.6703,10.2732,0.5973,10000,0
orthogonal_loss_learner.py,data/train_10000_0.pkl,data/test_10000_0.pkl,2,0.7397,6.9171,0.3259,10000,0
orthogonal_loss_learner_ybyt.py,data/train_10000_0.pkl,data/test_10000_0.pkl,1,0.7163,7.3743,0.4027,10000,0
orthogonal_loss_learner.py,data/train_10000_0.pkl,data/test_10000_0.pkl,1,0.723,7.5666,0.392,10000,0
orthogonal_loss_learner_ybyt.py,data/train_10000_0.pkl,data/test_10000_0.pkl,0,0.7123,7.5216,0.4139,10000,0
orthogonal_loss_learner_ybyt.py,data/train_10000_0.pkl,data/test_10000_0.pkl,2,0.7157,7.4659,0.4166,10000,0
orthogonal_loss_learner.py,data/train_10000_0.pkl,data/test_10000_0.pkl,0,0.7273,7.3082,0.3731,10000,0
orthogonal_loss_learner_splitting.py,data/train_9000_3.pkl,data/test_9000_3.pkl,2,0.7573,10.9875,0.4015,9000,3
stupid_loss_learner.py,data/train_9000_3.pkl,data/test_9000_3.pkl,1,0.7477,16.1168,0.4335,9000,3
nonorthogonal_loss_learner.py,data/train_9000_3.pkl,data/test_9000_3.pkl,0,0.762,10.9116,0.3832,9000,3
nonorthogonal_loss_learner.py,data/train_9000_3.pkl,data/test_9000_3.pkl,2,0.7577,11.125,0.4019,9000,3
nonorthogonal_loss_learner.py,data/train_9000_3.pkl,data/test_9000_3.pkl,1,0.7517,11.217,0.3908,9000,3
orthogonal_loss_learner_splitting.py,data/train_9000_3.pkl,data/test_9000_3.pkl,0,0.7607,10.8803,0.3988,9000,3
log_loss_learner.py,data/train_9000_3.pkl,data/test_9000_3.pkl,2,0.7603,18.4141,0.3668,9000,3
stupid_loss_learner.py,data/train_9000_3.pkl,data/test_9000_3.pkl,2,0.7427,15.9128,0.4499,9000,3
log_loss_learner.py,data/train_9000_3.pkl,data/test_9000_3.pkl,1,0.7607,18.4273,0.3752,9000,3
orthogonal_loss_learner_splitting.py,data/train_9000_3.pkl,data/test_9000_3.pkl,1,0.761,10.8974,0.3869,9000,3
stupid_loss_learner.py,data/train_9000_3.pkl,data/test_9000_3.pkl,0,0.7467,15.6672,0.4375,9000,3
log_loss_learner.py,data/train_9000_3.pkl,data/test_9000_3.pkl,0,0.7593,18.387,0.3793,9000,3
orthogonal_loss_learner.py,data/train_9000_3.pkl,data/test_9000_3.pkl,0,0.7673,10.4135,0.3428,9000,3
orthogonal_loss_learner_ybyt.py,data/train_9000_3.pkl,data/test_9000_3.pkl,1,0.7683,10.1726,0.3611,9000,3
orthogonal_loss_learner.py,data/train_9000_3.pkl,data/test_9000_3.pkl,2,0.7713,10.0977,0.3407,9000,3
orthogonal_loss_learner_ybyt.py,data/train_9000_3.pkl,data/test_9000_3.pkl,2,0.7717,9.8428,0.3435,9000,3
orthogonal_loss_learner.py,data/train_9000_3.pkl,data/test_9000_3.pkl,1,0.7703,9.9512,0.3425,9000,3
orthogonal_loss_learner_ybyt.py,data/train_9000_3.pkl,data/test_9000_3.pkl,0,0.7673,9.986,0.3568,9000,3
orthogonal_loss_learner_splitting.py,data/train_10000_1.pkl,data/test_10000_1.pkl,0,0.7257,5.849,0.298,10000,1
orthogonal_loss_learner_splitting.py,data/train_10000_1.pkl,data/test_10000_1.pkl,2,0.7277,5.7853,0.2863,10000,1
orthogonal_loss_learner_splitting.py,data/train_10000_1.pkl,data/test_10000_1.pkl,1,0.7223,5.9211,0.3144,10000,1
stupid_loss_learner.py,data/train_10000_1.pkl,data/test_10000_1.pkl,2,0.72,7.631,0.3217,10000,1
nonorthogonal_loss_learner.py,data/train_10000_1.pkl,data/test_10000_1.pkl,0,0.73,6.119,0.2935,10000,1
log_loss_learner.py,data/train_10000_1.pkl,data/test_10000_1.pkl,0,0.7333,8.4676,0.289,10000,1
log_loss_learner.py,data/train_10000_1.pkl,data/test_10000_1.pkl,1,0.723,8.4679,0.2996,10000,1
nonorthogonal_loss_learner.py,data/train_10000_1.pkl,data/test_10000_1.pkl,1,0.7227,6.0544,0.3058,10000,1
stupid_loss_learner.py,data/train_10000_1.pkl,data/test_10000_1.pkl,0,0.7173,7.8091,0.343,10000,1
nonorthogonal_loss_learner.py,data/train_10000_1.pkl,data/test_10000_1.pkl,2,0.7257,6.2122,0.3123,10000,1
stupid_loss_learner.py,data/train_10000_1.pkl,data/test_10000_1.pkl,1,0.7217,7.4823,0.3166,10000,1
log_loss_learner.py,data/train_10000_1.pkl,data/test_10000_1.pkl,2,0.7343,8.3906,0.2893,10000,1
orthogonal_loss_learner.py,data/train_10000_1.pkl,data/test_10000_1.pkl,2,0.7353,5.5172,0.2634,10000,1
orthogonal_loss_learner.py,data/train_10000_1.pkl,data/test_10000_1.pkl,1,0.7367,5.4229,0.2566,10000,1
orthogonal_loss_learner_ybyt.py,data/train_10000_1.pkl,data/test_10000_1.pkl,1,0.7473,5.0833,0.2247,10000,1
orthogonal_loss_learner_ybyt.py,data/train_10000_1.pkl,data/test_10000_1.pkl,2,0.7407,5.4282,0.2679,10000,1
orthogonal_loss_learner.py,data/train_10000_1.pkl,data/test_10000_1.pkl,0,0.7383,5.3213,0.2586,10000,1
orthogonal_loss_learner_ybyt.py,data/train_10000_1.pkl,data/test_10000_1.pkl,0,0.734,5.3695,0.2683,10000,1
orthogonal_loss_learner_splitting.py,data/train_10000_2.pkl,data/test_10000_2.pkl,1,0.774,11.0062,0.42,10000,2
nonorthogonal_loss_learner.py,data/train_10000_2.pkl,data/test_10000_2.pkl,0,0.7763,12.1889,0.4292,10000,2
stupid_loss_learner.py,data/train_10000_2.pkl,data/test_10000_2.pkl,1,0.7683,17.6736,0.4622,10000,2
orthogonal_loss_learner_splitting.py,data/train_10000_2.pkl,data/test_10000_2.pkl,2,0.7783,11.356,0.4288,10000,2
nonorthogonal_loss_learner.py,data/train_10000_2.pkl,data/test_10000_2.pkl,2,0.7747,11.6684,0.4384,10000,2
orthogonal_loss_learner_splitting.py,data/train_10000_2.pkl,data/test_10000_2.pkl,0,0.7773,11.4798,0.4219,10000,2
stupid_loss_learner.py,data/train_10000_2.pkl,data/test_10000_2.pkl,0,0.777,17.4842,0.4455,10000,2
nonorthogonal_loss_learner.py,data/train_10000_2.pkl,data/test_10000_2.pkl,1,0.774,12.5184,0.4269,10000,2
stupid_loss_learner.py,data/train_10000_2.pkl,data/test_10000_2.pkl,2,0.7723,17.2048,0.4387,10000,2
log_loss_learner.py,data/train_10000_2.pkl,data/test_10000_2.pkl,1,0.7833,19.6533,0.3882,10000,2
log_loss_learner.py,data/train_10000_2.pkl,data/test_10000_2.pkl,2,0.7857,19.7434,0.3973,10000,2
log_loss_learner.py,data/train_10000_2.pkl,data/test_10000_2.pkl,0,0.781,19.8397,0.4079,10000,2
orthogonal_loss_learner.py,data/train_10000_2.pkl,data/test_10000_2.pkl,1,0.7917,10.7482,0.3597,10000,2
orthogonal_loss_learner.py,data/train_10000_2.pkl,data/test_10000_2.pkl,0,0.79,10.8124,0.3731,10000,2
orthogonal_loss_learner_ybyt.py,data/train_10000_2.pkl,data/test_10000_2.pkl,2,0.7943,9.9767,0.3597,10000,2
orthogonal_loss_learner.py,data/train_10000_2.pkl,data/test_10000_2.pkl,2,0.79,10.4248,0.373,10000,2
orthogonal_loss_learner_ybyt.py,data/train_10000_2.pkl,data/test_10000_2.pkl,0,0.787,9.9654,0.3695,10000,2
orthogonal_loss_learner_ybyt.py,data/train_10000_2.pkl,data/test_10000_2.pkl,1,0.7887,10.1756,0.3691,10000,2
stupid_loss_learner.py,data/train_10000_3.pkl,data/test_10000_3.pkl,1,0.756,16.9782,0.4196,10000,3
nonorthogonal_loss_learner.py,data/train_10000_3.pkl,data/test_10000_3.pkl,2,0.7657,11.5211,0.3965,10000,3
nonorthogonal_loss_learner.py,data/train_10000_3.pkl,data/test_10000_3.pkl,0,0.7587,11.6454,0.4039,10000,3
stupid_loss_learner.py,data/train_10000_3.pkl,data/test_10000_3.pkl,2,0.753,16.9299,0.4274,10000,3
orthogonal_loss_learner_splitting.py,data/train_10000_3.pkl,data/test_10000_3.pkl,1,0.7587,10.8798,0.3962,10000,3
log_loss_learner.py,data/train_10000_3.pkl,data/test_10000_3.pkl,0,0.7637,18.3836,0.3658,10000,3
nonorthogonal_loss_learner.py,data/train_10000_3.pkl,data/test_10000_3.pkl,1,0.759,12.1921,0.3985,10000,3
orthogonal_loss_learner_splitting.py,data/train_10000_3.pkl,data/test_10000_3.pkl,0,0.7583,10.6531,0.4022,10000,3
stupid_loss_learner.py,data/train_10000_3.pkl,data/test_10000_3.pkl,0,0.738,17.8161,0.493,10000,3
log_loss_learner.py,data/train_10000_3.pkl,data/test_10000_3.pkl,2,0.768,18.6016,0.3615,10000,3
orthogonal_loss_learner_splitting.py,data/train_10000_3.pkl,data/test_10000_3.pkl,2,0.757,10.6994,0.4027,10000,3
log_loss_learner.py,data/train_10000_3.pkl,data/test_10000_3.pkl,1,0.7643,18.6313,0.3695,10000,3
orthogonal_loss_learner_ybyt.py,data/train_10000_3.pkl,data/test_10000_3.pkl,1,0.7743,9.6511,0.3405,10000,3
orthogonal_loss_learner.py,data/train_10000_3.pkl,data/test_10000_3.pkl,0,0.7747,10.059,0.3545,10000,3
orthogonal_loss_learner.py,data/train_10000_3.pkl,data/test_10000_3.pkl,1,0.7767,9.6627,0.3354,10000,3
orthogonal_loss_learner_ybyt.py,data/train_10000_3.pkl,data/test_10000_3.pkl,2,0.7737,9.3901,0.3479,10000,3
orthogonal_loss_learner.py,data/train_10000_3.pkl,data/test_10000_3.pkl,2,0.7813,9.6601,0.3213,10000,3
orthogonal_loss_learner_ybyt.py,data/train_10000_3.pkl,data/test_10000_3.pkl,0,0.7677,9.8554,0.36,10000,3
stupid_loss_learner.py,data/train_10000_4.pkl,data/test_10000_4.pkl,1,0.789,22.1362,0.414,10000,4
stupid_loss_learner.py,data/train_10000_4.pkl,data/test_10000_4.pkl,2,0.7923,22.7958,0.4039,10000,4
nonorthogonal_loss_learner.py,data/train_10000_4.pkl,data/test_10000_4.pkl,2,0.797,16.1519,0.3848,10000,4
nonorthogonal_loss_learner.py,data/train_10000_4.pkl,data/test_10000_4.pkl,1,0.795,14.837,0.3809,10000,4
nonorthogonal_loss_learner.py,data/train_10000_4.pkl,data/test_10000_4.pkl,0,0.8017,14.4948,0.3722,10000,4
orthogonal_loss_learner_splitting.py,data/train_10000_4.pkl,data/test_10000_4.pkl,0,0.7997,12.6972,0.3892,10000,4
orthogonal_loss_learner_splitting.py,data/train_10000_4.pkl,data/test_10000_4.pkl,1,0.798,13.8624,0.3863,10000,4
orthogonal_loss_learner_splitting.py,data/train_10000_4.pkl,data/test_10000_4.pkl,2,0.8007,12.9591,0.3828,10000,4
stupid_loss_learner.py,data/train_10000_4.pkl,data/test_10000_4.pkl,0,0.7893,23.0302,0.4011,10000,4
log_loss_learner.py,data/train_10000_4.pkl,data/test_10000_4.pkl,0,0.8007,27.1136,0.3618,10000,4
log_loss_learner.py,data/train_10000_4.pkl,data/test_10000_4.pkl,2,0.8017,27.2914,0.3585,10000,4
log_loss_learner.py,data/train_10000_4.pkl,data/test_10000_4.pkl,1,0.806,27.2302,0.3706,10000,4
orthogonal_loss_learner.py,data/train_10000_4.pkl,data/test_10000_4.pkl,1,0.801,13.5036,0.3585,10000,4
orthogonal_loss_learner.py,data/train_10000_4.pkl,data/test_10000_4.pkl,0,0.8067,12.0687,0.3504,10000,4
orthogonal_loss_learner.py,data/train_10000_4.pkl,data/test_10000_4.pkl,2,0.8033,12.2214,0.3466,10000,4
orthogonal_loss_learner_ybyt.py,data/train_10000_4.pkl,data/test_10000_4.pkl,1,0.804,11.5741,0.3545,10000,4
orthogonal_loss_learner_ybyt.py,data/train_10000_4.pkl,data/test_10000_4.pkl,0,0.8003,11.7534,0.3646,10000,4
orthogonal_loss_learner_ybyt.py,data/train_10000_4.pkl,data/test_10000_4.pkl,2,0.804,11.9071,0.3478,10000,4
log_loss_learner.py,data/train_15000_2.pkl,data/test_15000_2.pkl,0,0.776,19.6945,0.3808,15000,2
orthogonal_loss_learner_splitting.py,data/train_15000_2.pkl,data/test_15000_2.pkl,0,0.775,10.6263,0.3879,15000,2
stupid_loss_learner.py,data/train_15000_2.pkl,data/test_15000_2.pkl,2,0.7667,17.5994,0.4405,15000,2
orthogonal_loss_learner_splitting.py,data/train_15000_2.pkl,data/test_15000_2.pkl,2,0.775,10.6588,0.4122,15000,2
stupid_loss_learner.py,data/train_15000_2.pkl,data/test_15000_2.pkl,1,0.77,17.6691,0.4427,15000,2
log_loss_learner.py,data/train_15000_2.pkl,data/test_15000_2.pkl,1,0.7843,19.4538,0.3481,15000,2
nonorthogonal_loss_learner.py,data/train_15000_2.pkl,data/test_15000_2.pkl,0,0.7753,11.3162,0.4039,15000,2
stupid_loss_learner.py,data/train_15000_2.pkl,data/test_15000_2.pkl,0,0.7707,17.7705,0.4235,15000,2
nonorthogonal_loss_learner.py,data/train_15000_2.pkl,data/test_15000_2.pkl,1,0.7787,11.9998,0.3889,15000,2
orthogonal_loss_learner_splitting.py,data/train_15000_2.pkl,data/test_15000_2.pkl,1,0.7763,10.5961,0.3899,15000,2
nonorthogonal_loss_learner.py,data/train_15000_2.pkl,data/test_15000_2.pkl,2,0.78,11.7018,0.3861,15000,2
log_loss_learner.py,data/train_15000_2.pkl,data/test_15000_2.pkl,2,0.7837,19.3554,0.3564,15000,2
orthogonal_loss_learner.py,data/train_15000_2.pkl,data/test_15000_2.pkl,1,0.792,10.1059,0.3283,15000,2
orthogonal_loss_learner_ybyt.py,data/train_15000_2.pkl,data/test_15000_2.pkl,1,0.797,9.2775,0.3198,15000,2
orthogonal_loss_learner.py,data/train_15000_2.pkl,data/test_15000_2.pkl,2,0.7893,10.2463,0.3391,15000,2
orthogonal_loss_learner.py,data/train_15000_2.pkl,data/test_15000_2.pkl,0,0.7947,9.5682,0.3158,15000,2
orthogonal_loss_learner_ybyt.py,data/train_15000_2.pkl,data/test_15000_2.pkl,2,0.7897,9.2845,0.3159,15000,2
orthogonal_loss_learner_ybyt.py,data/train_15000_2.pkl,data/test_15000_2.pkl,0,0.7907,9.6057,0.3317,15000,2
nonorthogonal_loss_learner.py,data/train_15000_0.pkl,data/test_15000_0.pkl,2,0.7043,8.0894,0.4557,15000,0
log_loss_learner.py,data/train_15000_0.pkl,data/test_15000_0.pkl,0,0.7097,10.1631,0.4305,15000,0
stupid_loss_learner.py,data/train_15000_0.pkl,data/test_15000_0.pkl,2,0.7037,9.5838,0.4646,15000,0
nonorthogonal_loss_learner.py,data/train_15000_0.pkl,data/test_15000_0.pkl,1,0.712,8.0266,0.4213,15000,0
orthogonal_loss_learner_splitting.py,data/train_15000_0.pkl,data/test_15000_0.pkl,2,0.7017,7.8781,0.4523,15000,0
stupid_loss_learner.py,data/train_15000_0.pkl,data/test_15000_0.pkl,0,0.703,9.8094,0.4756,15000,0
orthogonal_loss_learner_splitting.py,data/train_15000_0.pkl,data/test_15000_0.pkl,0,0.6943,8.0238,0.4797,15000,0
log_loss_learner.py,data/train_15000_0.pkl,data/test_15000_0.pkl,1,0.7187,10.2283,0.4099,15000,0
stupid_loss_learner.py,data/train_15000_0.pkl,data/test_15000_0.pkl,1,0.698,9.7471,0.475,15000,0
orthogonal_loss_learner_splitting.py,data/train_15000_0.pkl,data/test_15000_0.pkl,1,0.7013,7.9047,0.4541,15000,0
nonorthogonal_loss_learner.py,data/train_15000_0.pkl,data/test_15000_0.pkl,0,0.713,7.8887,0.4195,15000,0
log_loss_learner.py,data/train_15000_0.pkl,data/test_15000_0.pkl,2,0.725,10.1398,0.4064,15000,0
orthogonal_loss_learner.py,data/train_15000_0.pkl,data/test_15000_0.pkl,1,0.75,6.6803,0.3198,15000,0
orthogonal_loss_learner_ybyt.py,data/train_15000_0.pkl,data/test_15000_0.pkl,2,0.739,6.4981,0.3482,15000,0
orthogonal_loss_learner.py,data/train_15000_0.pkl,data/test_15000_0.pkl,0,0.739,6.6819,0.3489,15000,0
orthogonal_loss_learner_ybyt.py,data/train_15000_0.pkl,data/test_15000_0.pkl,1,0.748,6.5503,0.3286,15000,0
orthogonal_loss_learner_ybyt.py,data/train_15000_0.pkl,data/test_15000_0.pkl,0,0.745,6.4409,0.3172,15000,0
orthogonal_loss_learner.py,data/train_15000_0.pkl,data/test_15000_0.pkl,2,0.748,6.5287,0.3242,15000,0
log_loss_learner.py,data/train_15000_1.pkl,data/test_15000_1.pkl,2,0.7557,8.3513,0.2707,15000,1
orthogonal_loss_learner_splitting.py,data/train_15000_1.pkl,data/test_15000_1.pkl,2,0.7567,5.2102,0.2525,15000,1
nonorthogonal_loss_learner.py,data/train_15000_1.pkl,data/test_15000_1.pkl,2,0.745,5.6458,0.2825,15000,1
nonorthogonal_loss_learner.py,data/train_15000_1.pkl,data/test_15000_1.pkl,0,0.745,5.7316,0.2913,15000,1
nonorthogonal_loss_learner.py,data/train_15000_1.pkl,data/test_15000_1.pkl,1,0.7467,5.5088,0.274,15000,1
stupid_loss_learner.py,data/train_15000_1.pkl,data/test_15000_1.pkl,2,0.7393,7.6961,0.3241,15000,1
log_loss_learner.py,data/train_15000_1.pkl,data/test_15000_1.pkl,1,0.7533,8.3354,0.2834,15000,1
orthogonal_loss_learner_splitting.py,data/train_15000_1.pkl,data/test_15000_1.pkl,0,0.744,5.6896,0.3066,15000,1
orthogonal_loss_learner_splitting.py,data/train_15000_1.pkl,data/test_15000_1.pkl,1,0.7477,5.5457,0.2955,15000,1
stupid_loss_learner.py,data/train_15000_1.pkl,data/test_15000_1.pkl,0,0.7417,7.5944,0.3142,15000,1
stupid_loss_learner.py,data/train_15000_1.pkl,data/test_15000_1.pkl,1,0.7373,7.7445,0.3272,15000,1
log_loss_learner.py,data/train_15000_1.pkl,data/test_15000_1.pkl,0,0.753,8.2518,0.2605,15000,1
orthogonal_loss_learner_ybyt.py,data/train_15000_1.pkl,data/test_15000_1.pkl,0,0.7657,4.9217,0.2344,15000,1
orthogonal_loss_learner_ybyt.py,data/train_15000_1.pkl,data/test_15000_1.pkl,1,0.759,4.7527,0.2293,15000,1
orthogonal_loss_learner.py,data/train_15000_1.pkl,data/test_15000_1.pkl,2,0.764,4.8866,0.2221,15000,1
orthogonal_loss_learner.py,data/train_15000_1.pkl,data/test_15000_1.pkl,1,0.7693,4.693,0.2114,15000,1
orthogonal_loss_learner.py,data/train_15000_1.pkl,data/test_15000_1.pkl,0,0.754,5.024,0.2452,15000,1
orthogonal_loss_learner_ybyt.py,data/train_15000_1.pkl,data/test_15000_1.pkl,2,0.7717,4.598,0.2213,15000,1
nonorthogonal_loss_learner.py,data/train_15000_3.pkl,data/test_15000_3.pkl,2,0.7647,11.6823,0.3893,15000,3
orthogonal_loss_learner_splitting.py,data/train_15000_3.pkl,data/test_15000_3.pkl,2,0.7637,10.0029,0.3638,15000,3
stupid_loss_learner.py,data/train_15000_3.pkl,data/test_15000_3.pkl,0,0.762,16.6152,0.3886,15000,3
orthogonal_loss_learner_splitting.py,data/train_15000_3.pkl,data/test_15000_3.pkl,1,0.774,10.5989,0.354,15000,3
nonorthogonal_loss_learner.py,data/train_15000_3.pkl,data/test_15000_3.pkl,0,0.774,10.6639,0.3438,15000,3
nonorthogonal_loss_learner.py,data/train_15000_3.pkl,data/test_15000_3.pkl,1,0.767,11.343,0.363,15000,3
orthogonal_loss_learner_splitting.py,data/train_15000_3.pkl,data/test_15000_3.pkl,0,0.7743,10.2335,0.3622,15000,3
log_loss_learner.py,data/train_15000_3.pkl,data/test_15000_3.pkl,2,0.7733,18.144,0.3602,15000,3
stupid_loss_learner.py,data/train_15000_3.pkl,data/test_15000_3.pkl,2,0.7613,16.4161,0.4056,15000,3
stupid_loss_learner.py,data/train_15000_3.pkl,data/test_15000_3.pkl,1,0.761,16.8026,0.4006,15000,3
log_loss_learner.py,data/train_15000_3.pkl,data/test_15000_3.pkl,1,0.7783,18.0529,0.3366,15000,3
log_loss_learner.py,data/train_15000_3.pkl,data/test_15000_3.pkl,0,0.7757,18.2688,0.3461,15000,3
orthogonal_loss_learner_ybyt.py,data/train_15000_3.pkl,data/test_15000_3.pkl,1,0.782,8.7774,0.3148,15000,3
orthogonal_loss_learner_ybyt.py,data/train_15000_3.pkl,data/test_15000_3.pkl,2,0.7873,8.4108,0.3045,15000,3
orthogonal_loss_learner_ybyt.py,data/train_15000_3.pkl,data/test_15000_3.pkl,0,0.778,8.7818,0.3317,15000,3
orthogonal_loss_learner.py,data/train_15000_3.pkl,data/test_15000_3.pkl,2,0.79,9.0975,0.3075,15000,3
orthogonal_loss_learner.py,data/train_15000_3.pkl,data/test_15000_3.pkl,0,0.7813,8.9284,0.319,15000,3
orthogonal_loss_learner.py,data/train_15000_3.pkl,data/test_15000_3.pkl,1,0.7813,9.3693,0.3125,15000,3
nonorthogonal_loss_learner.py,data/train_15000_4.pkl,data/test_15000_4.pkl,2,0.802,13.9088,0.3644,15000,4
nonorthogonal_loss_learner.py,data/train_15000_4.pkl,data/test_15000_4.pkl,1,0.7997,12.7701,0.3843,15000,4
orthogonal_loss_learner_splitting.py,data/train_15000_4.pkl,data/test_15000_4.pkl,0,0.8047,12.3283,0.3653,15000,4
nonorthogonal_loss_learner.py,data/train_15000_4.pkl,data/test_15000_4.pkl,0,0.8027,13.3216,0.3597,15000,4
log_loss_learner.py,data/train_15000_4.pkl,data/test_15000_4.pkl,2,0.8053,26.9681,0.352,15000,4
stupid_loss_learner.py,data/train_15000_4.pkl,data/test_15000_4.pkl,2,0.8,23.7066,0.4021,15000,4
stupid_loss_learner.py,data/train_15000_4.pkl,data/test_15000_4.pkl,0,0.788,23.9132,0.4341,15000,4
orthogonal_loss_learner_splitting.py,data/train_15000_4.pkl,data/test_15000_4.pkl,1,0.8007,12.0059,0.3628,15000,4
orthogonal_loss_learner_splitting.py,data/train_15000_4.pkl,data/test_15000_4.pkl,2,0.7973,12.079,0.3846,15000,4
stupid_loss_learner.py,data/train_15000_4.pkl,data/test_15000_4.pkl,1,0.801,23.6914,0.3963,15000,4
log_loss_learner.py,data/train_15000_4.pkl,data/test_15000_4.pkl,0,0.813,27.0832,0.3278,15000,4
log_loss_learner.py,data/train_15000_4.pkl,data/test_15000_4.pkl,1,0.808,27.2176,0.3539,15000,4
orthogonal_loss_learner.py,data/train_15000_4.pkl,data/test_15000_4.pkl,0,0.8143,12.3033,0.324,15000,4
orthogonal_loss_learner_ybyt.py,data/train_15000_4.pkl,data/test_15000_4.pkl,0,0.8093,11.2776,0.3389,15000,4
orthogonal_loss_learner.py,data/train_15000_4.pkl,data/test_15000_4.pkl,1,0.811,12.1242,0.3258,15000,4
orthogonal_loss_learner.py,data/train_15000_4.pkl,data/test_15000_4.pkl,2,0.8107,12.4791,0.3327,15000,4
orthogonal_loss_learner_ybyt.py,data/train_15000_4.pkl,data/test_15000_4.pkl,1,0.816,11.1729,0.3194,15000,4
orthogonal_loss_learner_ybyt.py,data/train_15000_4.pkl,data/test_15000_4.pkl,2,0.8107,11.1194,0.3194,15000,4
orthogonal_loss_learner_splitting.py,data/train_20000_3.pkl,data/test_20000_3.pkl,1,0.7693,9.8162,0.3329,20000,3
nonorthogonal_loss_learner.py,data/train_20000_3.pkl,data/test_20000_3.pkl,1,0.7667,10.5928,0.3502,20000,3
stupid_loss_learner.py,data/train_20000_3.pkl,data/test_20000_3.pkl,0,0.7633,15.4572,0.3608,20000,3
orthogonal_loss_learner_splitting.py,data/train_20000_3.pkl,data/test_20000_3.pkl,0,0.7647,9.5276,0.3508,20000,3
log_loss_learner.py,data/train_20000_3.pkl,data/test_20000_3.pkl,1,0.7667,18.1752,0.3328,20000,3
stupid_loss_learner.py,data/train_20000_3.pkl,data/test_20000_3.pkl,1,0.7547,15.8918,0.4002,20000,3
stupid_loss_learner.py,data/train_20000_3.pkl,data/test_20000_3.pkl,2,0.751,16.1744,0.4007,20000,3
log_loss_learner.py,data/train_20000_3.pkl,data/test_20000_3.pkl,0,0.7697,17.9639,0.3386,20000,3
orthogonal_loss_learner_splitting.py,data/train_20000_3.pkl,data/test_20000_3.pkl,2,0.7653,9.6665,0.3424,20000,3
log_loss_learner.py,data/train_20000_3.pkl,data/test_20000_3.pkl,2,0.7647,18.1641,0.338,20000,3
nonorthogonal_loss_learner.py,data/train_20000_3.pkl,data/test_20000_3.pkl,2,0.76,10.5276,0.3553,20000,3
nonorthogonal_loss_learner.py,data/train_20000_3.pkl,data/test_20000_3.pkl,0,0.765,10.0769,0.3466,20000,3
orthogonal_loss_learner.py,data/train_20000_3.pkl,data/test_20000_3.pkl,0,0.782,9.0144,0.2691,20000,3
orthogonal_loss_learner_ybyt.py,data/train_20000_3.pkl,data/test_20000_3.pkl,1,0.7807,7.9985,0.2731,20000,3
orthogonal_loss_learner_ybyt.py,data/train_20000_3.pkl,data/test_20000_3.pkl,2,0.7743,8.6512,0.3112,20000,3
orthogonal_loss_learner.py,data/train_20000_3.pkl,data/test_20000_3.pkl,1,0.7797,9.1599,0.2824,20000,3
orthogonal_loss_learner.py,data/train_20000_3.pkl,data/test_20000_3.pkl,2,0.7793,9.2424,0.2884,20000,3
orthogonal_loss_learner_ybyt.py,data/train_20000_3.pkl,data/test_20000_3.pkl,0,0.776,8.3108,0.3047,20000,3
stupid_loss_learner.py,data/train_20000_4.pkl,data/test_20000_4.pkl,1,0.7837,21.9591,0.4009,20000,4
stupid_loss_learner.py,data/train_20000_4.pkl,data/test_20000_4.pkl,2,0.786,22.0876,0.3965,20000,4
log_loss_learner.py,data/train_20000_4.pkl,data/test_20000_4.pkl,2,0.7977,26.6215,0.3282,20000,4
log_loss_learner.py,data/train_20000_4.pkl,data/test_20000_4.pkl,0,0.8033,26.5965,0.3123,20000,4
log_loss_learner.py,data/train_20000_4.pkl,data/test_20000_4.pkl,1,0.8013,26.5062,0.3284,20000,4
nonorthogonal_loss_learner.py,data/train_20000_4.pkl,data/test_20000_4.pkl,2,0.7923,12.9006,0.3492,20000,4
orthogonal_loss_learner_splitting.py,data/train_20000_4.pkl,data/test_20000_4.pkl,0,0.79,12.1858,0.3699,20000,4
nonorthogonal_loss_learner.py,data/train_20000_4.pkl,data/test_20000_4.pkl,1,0.7973,12.8282,0.3368,20000,4
stupid_loss_learner.py,data/train_20000_4.pkl,data/test_20000_4.pkl,0,0.788,20.97,0.4014,20000,4
orthogonal_loss_learner_splitting.py,data/train_20000_4.pkl,data/test_20000_4.pkl,2,0.7883,11.961,0.3789,20000,4
orthogonal_loss_learner_splitting.py,data/train_20000_4.pkl,data/test_20000_4.pkl,1,0.7907,11.9908,0.3615,20000,4
nonorthogonal_loss_learner.py,data/train_20000_4.pkl,data/test_20000_4.pkl,0,0.795,12.9247,0.3513,20000,4
orthogonal_loss_learner.py,data/train_20000_4.pkl,data/test_20000_4.pkl,1,0.8033,11.76,0.3055,20000,4
orthogonal_loss_learner.py,data/train_20000_4.pkl,data/test_20000_4.pkl,2,0.8063,11.9392,0.2943,20000,4
orthogonal_loss_learner_ybyt.py,data/train_20000_4.pkl,data/test_20000_4.pkl,0,0.8117,10.001,0.2944,20000,4
orthogonal_loss_learner_ybyt.py,data/train_20000_4.pkl,data/test_20000_4.pkl,1,0.8137,9.8234,0.2867,20000,4
orthogonal_loss_learner.py,data/train_20000_4.pkl,data/test_20000_4.pkl,0,0.8123,10.8286,0.2821,20000,4
orthogonal_loss_learner_ybyt.py,data/train_20000_4.pkl,data/test_20000_4.pkl,2,0.803,10.5368,0.3081,20000,4
log_loss_learner.py,data/train_20000_2.pkl,data/test_20000_2.pkl,0,0.7877,19.3046,0.3564,20000,2
nonorthogonal_loss_learner.py,data/train_20000_2.pkl,data/test_20000_2.pkl,1,0.7823,10.712,0.3531,20000,2
log_loss_learner.py,data/train_20000_2.pkl,data/test_20000_2.pkl,2,0.7853,19.5411,0.3535,20000,2
stupid_loss_learner.py,data/train_20000_2.pkl,data/test_20000_2.pkl,2,0.784,16.0955,0.3977,20000,2
log_loss_learner.py,data/train_20000_2.pkl,data/test_20000_2.pkl,1,0.7893,19.4162,0.342,20000,2
nonorthogonal_loss_learner.py,data/train_20000_2.pkl,data/test_20000_2.pkl,0,0.786,10.833,0.3521,20000,2
stupid_loss_learner.py,data/train_20000_2.pkl,data/test_20000_2.pkl,0,0.7747,16.4525,0.4026,20000,2
orthogonal_loss_learner_splitting.py,data/train_20000_2.pkl,data/test_20000_2.pkl,1,0.7817,10.1502,0.3661,20000,2
orthogonal_loss_learner_splitting.py,data/train_20000_2.pkl,data/test_20000_2.pkl,2,0.7823,10.2778,0.3672,20000,2
stupid_loss_learner.py,data/train_20000_2.pkl,data/test_20000_2.pkl,1,0.7827,16.838,0.393,20000,2
orthogonal_loss_learner_splitting.py,data/train_20000_2.pkl,data/test_20000_2.pkl,0,0.7827,9.9216,0.3607,20000,2
nonorthogonal_loss_learner.py,data/train_20000_2.pkl,data/test_20000_2.pkl,2,0.7783,11.1935,0.378,20000,2
orthogonal_loss_learner.py,data/train_20000_2.pkl,data/test_20000_2.pkl,0,0.793,10.0968,0.3297,20000,2
orthogonal_loss_learner.py,data/train_20000_2.pkl,data/test_20000_2.pkl,1,0.8013,9.6043,0.2935,20000,2
orthogonal_loss_learner_ybyt.py,data/train_20000_2.pkl,data/test_20000_2.pkl,2,0.8,8.9568,0.3172,20000,2
orthogonal_loss_learner_ybyt.py,data/train_20000_2.pkl,data/test_20000_2.pkl,0,0.7933,8.7954,0.3163,20000,2
orthogonal_loss_learner_ybyt.py,data/train_20000_2.pkl,data/test_20000_2.pkl,1,0.7957,9.1191,0.3212,20000,2
orthogonal_loss_learner.py,data/train_20000_2.pkl,data/test_20000_2.pkl,2,0.7927,9.7532,0.3078,20000,2
log_loss_learner.py,data/train_20000_0.pkl,data/test_20000_0.pkl,2,0.7213,10.1353,0.3968,20000,0
log_loss_learner.py,data/train_20000_0.pkl,data/test_20000_0.pkl,0,0.726,9.9096,0.3774,20000,0
stupid_loss_learner.py,data/train_20000_0.pkl,data/test_20000_0.pkl,0,0.697,9.8664,0.4954,20000,0
nonorthogonal_loss_learner.py,data/train_20000_0.pkl,data/test_20000_0.pkl,2,0.713,7.5768,0.4098,20000,0
stupid_loss_learner.py,data/train_20000_0.pkl,data/test_20000_0.pkl,1,0.6967,9.8843,0.4993,20000,0
orthogonal_loss_learner_splitting.py,data/train_20000_0.pkl,data/test_20000_0.pkl,2,0.7137,7.4405,0.4197,20000,0
log_loss_learner.py,data/train_20000_0.pkl,data/test_20000_0.pkl,1,0.7173,10.0376,0.4018,20000,0
stupid_loss_learner.py,data/train_20000_0.pkl,data/test_20000_0.pkl,2,0.693,9.7092,0.4999,20000,0
orthogonal_loss_learner_splitting.py,data/train_20000_0.pkl,data/test_20000_0.pkl,1,0.716,7.4935,0.4067,20000,0
nonorthogonal_loss_learner.py,data/train_20000_0.pkl,data/test_20000_0.pkl,1,0.7187,7.7414,0.4088,20000,0
orthogonal_loss_learner_splitting.py,data/train_20000_0.pkl,data/test_20000_0.pkl,0,0.7277,6.9601,0.3708,20000,0
nonorthogonal_loss_learner.py,data/train_20000_0.pkl,data/test_20000_0.pkl,0,0.7157,7.5645,0.4203,20000,0
orthogonal_loss_learner_ybyt.py,data/train_20000_0.pkl,data/test_20000_0.pkl,1,0.7433,6.1802,0.2954,20000,0
orthogonal_loss_learner.py,data/train_20000_0.pkl,data/test_20000_0.pkl,1,0.7397,6.1753,0.2962,20000,0
orthogonal_loss_learner_ybyt.py,data/train_20000_0.pkl,data/test_20000_0.pkl,2,0.738,6.2729,0.3117,20000,0
orthogonal_loss_learner.py,data/train_20000_0.pkl,data/test_20000_0.pkl,2,0.7447,6.2074,0.3097,20000,0
orthogonal_loss_learner.py,data/train_20000_0.pkl,data/test_20000_0.pkl,0,0.735,6.1059,0.3159,20000,0
orthogonal_loss_learner_ybyt.py,data/train_20000_0.pkl,data/test_20000_0.pkl,0,0.7407,6.1447,0.3046,20000,0
orthogonal_loss_learner_splitting.py,data/train_20000_1.pkl,data/test_20000_1.pkl,2,0.7483,5.3283,0.2587,20000,1
stupid_loss_learner.py,data/train_20000_1.pkl,data/test_20000_1.pkl,0,0.734,7.4988,0.316,20000,1
log_loss_learner.py,data/train_20000_1.pkl,data/test_20000_1.pkl,2,0.74,8.2361,0.2867,20000,1
orthogonal_loss_learner_splitting.py,data/train_20000_1.pkl,data/test_20000_1.pkl,0,0.7403,5.2141,0.2803,20000,1
nonorthogonal_loss_learner.py,data/train_20000_1.pkl,data/test_20000_1.pkl,0,0.7463,5.6561,0.2721,20000,1
nonorthogonal_loss_learner.py,data/train_20000_1.pkl,data/test_20000_1.pkl,1,0.7407,5.4526,0.2868,20000,1
nonorthogonal_loss_learner.py,data/train_20000_1.pkl,data/test_20000_1.pkl,2,0.7487,5.6131,0.2697,20000,1
log_loss_learner.py,data/train_20000_1.pkl,data/test_20000_1.pkl,0,0.7483,8.2519,0.2428,20000,1
stupid_loss_learner.py,data/train_20000_1.pkl,data/test_20000_1.pkl,1,0.733,7.275,0.2957,20000,1
stupid_loss_learner.py,data/train_20000_1.pkl,data/test_20000_1.pkl,2,0.7337,7.4623,0.3069,20000,1
log_loss_learner.py,data/train_20000_1.pkl,data/test_20000_1.pkl,1,0.7477,8.304,0.2608,20000,1
orthogonal_loss_learner_splitting.py,data/train_20000_1.pkl,data/test_20000_1.pkl,1,0.7403,5.3447,0.2836,20000,1
orthogonal_loss_learner_ybyt.py,data/train_20000_1.pkl,data/test_20000_1.pkl,1,0.767,4.5295,0.2064,20000,1
orthogonal_loss_learner_ybyt.py,data/train_20000_1.pkl,data/test_20000_1.pkl,2,0.7653,4.6021,0.2229,20000,1
orthogonal_loss_learner_ybyt.py,data/train_20000_1.pkl,data/test_20000_1.pkl,0,0.769,4.6512,0.2172,20000,1
orthogonal_loss_learner.py,data/train_20000_1.pkl,data/test_20000_1.pkl,2,0.7643,4.7005,0.2086,20000,1
orthogonal_loss_learner.py,data/train_20000_1.pkl,data/test_20000_1.pkl,1,0.7657,4.9803,0.2098,20000,1
orthogonal_loss_learner.py,data/train_20000_1.pkl,data/test_20000_1.pkl,0,0.763,4.7742,0.2196,20000,1
